# Made in Blockbench 4.12.4
mtllib hiramekarei_wrapped.mtl

o Plane.002
v 0.002288125 -0.61788875 0.00122375
v 0.123255 -0.606481875 0.001066875
v 0.12291625 -0.51619125 0.098021875
v 0.002341875 -0.525883125 0.09921875
v 0.255316875 -0.568973125 0.000935
v 0.24246375 -0.48841125 0.093921875
v 0.38140875 -0.51551875 0.000838125
v 0.36965 -0.446998125 0.08516625
v 0.50917625 -0.437911875 0.000775
v 0.488518125 -0.38601375 0.074381875
v 0.617783125 -0.347556875 0.00076125
v 0.59219875 -0.31388625 0.058681875
v 0.70014875 -0.259531875 0.00078125
v 0.679238125 -0.233173125 0.045355
v 0.760653125 -0.177615 0.000823125
v 0.74714375 -0.161743125 0.03130875
v 0.794633125 -0.12243 0.00086125
v 0.78443375 -0.109743125 0.01882625
v 0.797096875 -0.074625 0.00963375
v 0.80148875 -0.077606875 0.000921875
v 0.00236625 -0.42971875 0.180018125
v 0.121631875 -0.42363375 0.17138875
v 0.23087875 -0.40793375 0.158308125
v 0.356953125 -0.37408125 0.13940375
v 0.464886875 -0.33156125 0.11814875
v 0.565656875 -0.27500375 0.097255
v 0.66037625 -0.20580875 0.071331875
v 0.726321875 -0.14481375 0.04979375
v 0.77144375 -0.09674 0.031645
v 0.79248875 -0.07075375 0.01379125
v 0.121631875 -0.42363375 0.17138875
v 0.128635 -0.32647875 0.12214875
v 0.002215 -0.327903125 0.141975
v 0.00236625 -0.42971875 0.180018125
v 0.23087875 -0.40793375 0.158308125
v 0.22030375 -0.31699875 0.102478125
v 0.356953125 -0.37408125 0.13940375
v 0.333443125 -0.290956875 0.08521625
v 0.464886875 -0.33156125 0.11814875
v 0.436985 -0.265423125 0.071746875
v 0.565656875 -0.27500375 0.097255
v 0.53178625 -0.22633625 0.056611875
v 0.66037625 -0.20580875 0.071331875
v 0.630616875 -0.16959875 0.043311875
v 0.726321875 -0.14481375 0.04979375
v 0.70114875 -0.12061375 0.032428125
v 0.77144375 -0.09674 0.031645
v 0.754288125 -0.082421875 0.02030875
v 0.785773125 -0.065091875 0.01016375
v 0.79248875 -0.07075375 0.01379125
v 0.140013125 -0.235855 0.089516875
v 0.002105 -0.234751875 0.12683625
v 0.12842625 -0.167305 0.08245875
v 0.002043125 -0.16747 0.12570375
v 0.12155 -0.094858125 0.08344375
v 0.00198125 -0.09504625 0.12690375
v 0.12574125 -0.022485 0.086831875
v 0.001918125 -0.02225375 0.131271875
v 0.24102 -0.09504125 0.00170375
v 0.250311875 -0.022231875 0.001805
v 0.255363125 -0.16701875 0.00157
v 0.178066875 -0.286795 0.08938
v 0.27900125 -0.18759375 0.001503125
v 0.30859125 -0.203908125 0.001435
v 0.411293125 -0.21238125 0.001273125
v 0.50892625 -0.19356125 0.00116125
v 0.612865 -0.14994625 0.00108
v 0.683831875 -0.10852625 0.001043125
v 0.73972 -0.071533125 0.00102
v 0.778671875 -0.059688125 0.000983125
v 0.69118375 0.85882375 0.00255875
v 0.66316875 1.074698125 0.00294
v 0.330931875 1.074146875 0.15187625
v 0.345025 0.858255 0.15452875
v 0.001016875 1.07413 0.23626875
v 0.00123 0.85822 0.24191875
v 0.296268125 0.37056875 0.12830625
v 0.33388375 0.515291875 0.140818125
v 0.00151875 0.515286875 0.21546875
v 0.00162 0.370621875 0.18981
v 0.593466875 0.37105125 0.00193125
v 0.667748125 0.515828125 0.002051875
v 0.34604875 0.66587125 0.149861875
v 0.001398125 0.66584375 0.23164
v 0.691656875 0.666431875 0.002255
v 0.291291875 0.058411875 0.00187375
v 0.14741125 0.058131875 0.092271875
v 0.001853125 0.05833875 0.13914625
v 0.39973125 0.170363125 0.001893125
v 0.20023625 0.170016875 0.100798125
v 0.001761875 0.17017 0.156403125
v 0.500416875 0.269206875 0.00190375
v 0.25016125 0.26879125 0.114925
v 0.00169 0.268895 0.171571875
v 0.30249125 1.30286 0.14198375
v 0.000768125 1.302886875 0.21530375
v 0.606533125 1.303368125 0.003383125
v 0.234253125 1.666506875 0.116736875
v 0.181456875 1.83879 0.09903
v 0.000148125 1.83898375 0.13908625
v 0.000355 1.666631875 0.168586875
v 0.46437875 1.666903125 0.004161875
v 0.371201875 1.83911875 0.00456875
v 0.14316875 1.987451875 0.081671875
v -0.00004 1.987705 0.107113125
v 0.284145 1.987706875 0.00492875
v 0.097043125 2.126211875 0.05372125
v -0.000223125 2.126283125 0.07150125
v 0.18993375 2.126381875 0.005471875
v 0.06359125 2.220193125 0.03012625
v -0.00035 2.22013375 0.04022625
v 0.116451875 2.220288125 0.00571875
v 0.044 2.288036875 0.005706875
v -0.000458125 2.311638125 0.00579125
v 0.79664875 -0.06397375 0.00594
v 0.794475 -0.062141875 0.004766875
v 0.792178125 -0.060393125 0.000961875
v 0.79813875 -0.06522625 0.00459625
v 0.79955875 -0.06618875 0.000941875
v 0.79648625 -0.06238 0.002616875
v 0.79602875 -0.062031875 0.00095375
v 0.797491875 -0.06318125 0.00095
v 0.797211875 -0.062991875 0.002583125
v 0.796916875 -0.062743125 0.00285
v 0.7968 -0.062643125 0.00117
v 0.79676625 -0.06261625 0.000951875
v 0.79687625 -0.062703125 0.000951875
v -0.118253125 -0.51642125 0.09837125
v -0.118701875 -0.606711875 0.00141625
v -0.237865 -0.488868125 0.094615
v -0.25083375 -0.569455 0.00166625
v -0.365155 -0.447696875 0.086226875
v -0.37702625 -0.51624125 0.001933125
v -0.48416875 -0.38694 0.07578625
v -0.50494125 -0.438876875 0.00223875
v -0.588033125 -0.31500875 0.06038625
v -0.61372 -0.34872875 0.00253875
v -0.675265 -0.234461875 0.04731125
v -0.696253125 -0.26086125 0.002796875
v -0.743345 -0.163161875 0.033461875
v -0.756911875 -0.17906 0.00301375
v -0.78077 -0.111233125 0.02108625
v -0.790996875 -0.12393875 0.00315125
v -0.793526875 -0.07614 0.011931875
v -0.79793875 -0.07913 0.00323125
v -0.11693375 -0.42386125 0.171733125
v -0.22624875 -0.40837 0.158968125
v -0.35244125 -0.374756875 0.140428125
v -0.46051625 -0.332441875 0.119485
v -0.56145375 -0.276076875 0.098881875
v -0.65638 -0.207063125 0.073233125
v -0.722503125 -0.146193125 0.05188625
v -0.767768125 -0.098205 0.033868125
v -0.78891375 -0.07226 0.01607375
v -0.11693375 -0.42386125 0.171733125
v -0.12426375 -0.32672 0.12251375
v -0.22624875 -0.40837 0.158968125
v -0.216006875 -0.31741375 0.103108125
v -0.35244125 -0.374756875 0.140428125
v -0.329245 -0.291588125 0.086173125
v -0.46051625 -0.332441875 0.119485
v -0.43287375 -0.26625125 0.07300375
v -0.56145375 -0.276076875 0.098881875
v -0.527791875 -0.22734375 0.058141875
v -0.65638 -0.207063125 0.073233125
v -0.62677 -0.17079625 0.045128125
v -0.722503125 -0.146193125 0.05188625
v -0.697425 -0.121945 0.03444625
v -0.767768125 -0.098205 0.033868125
v -0.750673125 -0.083855 0.022481875
v -0.78221875 -0.06658375 0.01242875
v -0.78891375 -0.07226 0.01607375
v -0.13590875 -0.236116875 0.089915
v 0.002043125 -0.16747 0.12570375
v -0.124471875 -0.167545 0.082825
v 0.00198125 -0.09504625 0.12690375
v -0.11773125 -0.095085 0.08379
v 0.001918125 -0.02225375 0.131271875
v -0.12205 -0.02272125 0.08719
v -0.246866875 -0.022705 0.00252375
v -0.237436875 -0.09549625 0.002395
v -0.251643125 -0.167501875 0.002301875
v -0.17386625 -0.28713 0.08988875
v -0.275241875 -0.188121875 0.002303125
v -0.30480125 -0.204491875 0.00232
v -0.407486875 -0.21316 0.002455
v -0.50515625 -0.194526875 0.00262625
v -0.609176875 -0.15110875 0.002845
v -0.680223125 -0.109825 0.003011875
v -0.73618125 -0.072938125 0.003151875
v -0.775155 -0.061166875 0.003226875
v -0.689413125 0.85751 0.004553125
v -0.342815 0.8576 0.155521875
v -0.32914125 1.07351875 0.15283
v -0.66180625 1.07343625 0.004853125
v -0.293205 0.370008125 0.129156875
v -0.33106125 0.51465875 0.141778125
v -0.59076875 0.36992375 0.00364
v -0.66532375 0.51455875 0.003976875
v -0.34348625 0.665215 0.150858125
v -0.68952 0.665118125 0.00424875
v -0.143858125 0.057855 0.092691875
v -0.288 0.05786 0.00271
v 0.001853125 0.05833875 0.13914625
v -0.196871875 0.16963875 0.10137125
v -0.39665125 0.169605 0.003043125
v -0.24694375 0.268318125 0.115643125
v -0.497525 0.268256875 0.003345
v -0.30116375 1.302285 0.14285625
v -0.605605 1.30221375 0.00513375
v -0.233691875 1.66606125 0.117411875
v -0.18127625 1.838445 0.09955375
v -0.464143125 1.66601875 0.005501875
v -0.37129125 1.838413125 0.00564125
v -0.143321875 1.98717875 0.082085
v -0.284518125 1.98716625 0.00575
v -0.09754 2.12602625 0.054001875
v -0.19057 2.126008125 0.00564625
v -0.06431875 2.22007125 0.03031125
v -0.117251875 2.220053125 0.00566875
v -0.044891875 2.287951875 0.00583625
v -0.79094375 -0.06365125 0.007056875
v -0.79310875 -0.065486875 0.00823625
v -0.78865875 -0.061898125 0.003245
v -0.7946 -0.066741875 0.006895
v -0.79603 -0.067708125 0.00324625
v -0.792508125 -0.06354375 0.003248125
v -0.79295875 -0.063893125 0.004913125
v -0.79368375 -0.06450625 0.00488125
v -0.793968125 -0.06469625 0.003248125
v -0.79338875 -0.064256875 0.00514625
v -0.793331875 -0.064203125 0.00346375
v -0.793243125 -0.06413 0.003248125
v -0.793353125 -0.064216875 0.003248125
v 0.002288125 -0.61788875 0.00122375
v 0.00205875 -0.52557375 -0.09648
v 0.122636875 -0.51588625 -0.09560125
v 0.123255 -0.606481875 0.001066875
v 0.242195 -0.488118125 -0.09175875
v 0.255316875 -0.568973125 0.000935
v 0.369406875 -0.446731875 -0.08323875
v 0.38140875 -0.51551875 0.000838125
v 0.488305 -0.385781875 -0.072608125
v 0.50917625 -0.437911875 0.000775
v 0.592031875 -0.313703125 -0.05697875
v 0.617783125 -0.347556875 0.00076125
v 0.67911 -0.233031875 -0.04365
v 0.70014875 -0.259531875 0.00078125
v 0.74705625 -0.16164625 -0.029575
v 0.760653125 -0.177615 0.000823125
v 0.784381875 -0.10968625 -0.017035
v 0.794633125 -0.12243 0.00086125
v 0.797071875 -0.074598125 -0.00776875
v 0.80148875 -0.077606875 0.000921875
v 0.00185125 -0.429155 -0.17697375
v 0.12114125 -0.423096875 -0.16867
v 0.23042625 -0.40743875 -0.155856875
v 0.35655375 -0.373645 -0.13721125
v 0.464548125 -0.33119125 -0.116133125
v 0.56537875 -0.2747 -0.095351875
v 0.660173125 -0.205586875 -0.069485
v 0.72618125 -0.14465875 -0.04794625
v 0.771355 -0.096643125 -0.02977625
v 0.792451875 -0.07071375 -0.0119
v 0.12114125 -0.423096875 -0.16867
v 0.00185125 -0.429155 -0.17697375
v 0.00180875 -0.32746 -0.13861
v 0.12828625 -0.326098125 -0.119145
v 0.23042625 -0.40743875 -0.155856875
v 0.22001125 -0.31668 -0.09971
v 0.35655375 -0.373645 -0.13721125
v 0.3332 -0.290691875 -0.082693125
v 0.464548125 -0.33119125 -0.116133125
v 0.43678125 -0.2652 -0.069443125
v 0.56537875 -0.2747 -0.095351875
v 0.531625 -0.22616 -0.054458125
v 0.660173125 -0.205586875 -0.069485
v 0.63049375 -0.169465 -0.04126625
v 0.72618125 -0.14465875 -0.04794625
v 0.701056875 -0.120515 -0.03043
v 0.771355 -0.096643125 -0.02977625
v 0.754231875 -0.08236125 -0.018345
v 0.785746875 -0.065061875 -0.00823625
v 0.792451875 -0.07071375 -0.0119
v 0.00174375 -0.234358125 -0.123176875
v 0.13976 -0.235576875 -0.08626125
v 0.001676875 -0.16707125 -0.121831875
v 0.128191875 -0.16705 -0.078953125
v 0.00160125 -0.094631875 -0.12280375
v 0.12131375 -0.0946 -0.07969
v 0.00152625 -0.021825 -0.12694
v 0.125495 -0.022216875 -0.08286125
v 0.250311875 -0.022231875 0.001805
v 0.24102 -0.09504125 0.00170375
v 0.255363125 -0.16701875 0.00157
v 0.177813125 -0.286518125 -0.08639375
v 0.27900125 -0.18759375 0.001503125
v 0.30859125 -0.203908125 0.001435
v 0.411293125 -0.21238125 0.001273125
v 0.50892625 -0.19356125 0.00116125
v 0.612865 -0.14994625 0.00108
v 0.683831875 -0.10852625 0.001043125
v 0.73972 -0.071533125 0.00102
v 0.778671875 -0.059688125 0.000983125
v 0.69118375 0.85882375 0.00255875
v 0.344586875 0.858733125 -0.14841
v 0.330503125 1.07461625 -0.14503625
v 0.66316875 1.074698125 0.00294
v 0.00054125 0.858973125 -0.23480625
v 0.000345 1.074863125 -0.22847375
v 0.295903125 0.370966875 -0.123586875
v 0.001078125 0.371211875 -0.184238125
v 0.00090375 0.515958125 -0.20944125
v 0.333485 0.515728125 -0.13575
v 0.593466875 0.37105125 0.00193125
v 0.667748125 0.515828125 0.002051875
v 0.000738125 0.666565 -0.225135
v 0.34562375 0.666335 -0.14435375
v 0.691656875 0.666431875 0.002255
v 0.14715 0.058416875 -0.08810875
v 0.291291875 0.058411875 0.00187375
v 0.001438125 0.058791875 -0.13456125
v 0.199951875 0.17032875 -0.096435
v 0.39973125 0.170363125 0.001893125
v 0.00131625 0.17065625 -0.15146375
v 0.249835 0.269146875 -0.11039375
v 0.500416875 0.269206875 0.00190375
v 0.00120125 0.269428125 -0.166321875
v 0.00015875 1.303553125 -0.206786875
v 0.30209125 1.30329625 -0.13433875
v 0.606533125 1.303368125 0.003383125
v 0.23392875 1.66686125 -0.107746875
v -0.00011875 1.66714875 -0.15892125
v -0.00023875 1.839406875 -0.12887625
v 0.181185 1.839086875 -0.08934625
v 0.46437875 1.666903125 0.004161875
v 0.371201875 1.83911875 0.00456875
v -0.00033375 1.98802625 -0.096431875
v 0.142948125 1.987693125 -0.071406875
v 0.284145 1.987706875 0.00492875
v -0.00041375 2.12649125 -0.060383125
v 0.09690375 2.12636375 -0.04288375
v 0.18993375 2.126381875 0.005471875
v -0.00045 2.220243125 -0.028836875
v 0.06352 2.22027 -0.018923125
v 0.116451875 2.220288125 0.00571875
v -0.000458125 2.311638125 0.00579125
v 0.044 2.288036875 0.005706875
v 0.794465 -0.06213 -0.002855
v 0.79663375 -0.063958125 -0.00404
v 0.798128125 -0.06521375 -0.00270375
v 0.79648125 -0.062375 -0.000711875
v 0.797206875 -0.06298625 -0.000681875
v 0.79691125 -0.062736875 -0.000946875
v 0.796831875 -0.06266875 0.000716875
v -0.118701875 -0.606711875 0.00141625
v -0.11853375 -0.516115 -0.095253125
v -0.25083375 -0.569455 0.00166625
v -0.23813375 -0.488575 -0.091065
v -0.37702625 -0.51624125 0.001933125
v -0.36539875 -0.44743125 -0.08217875
v -0.50494125 -0.438876875 0.00223875
v -0.484381875 -0.386708125 -0.071203125
v -0.61372 -0.34872875 0.00253875
v -0.5882 -0.314826875 -0.055275
v -0.696253125 -0.26086125 0.002796875
v -0.675393125 -0.234321875 -0.04169375
v -0.756911875 -0.17906 0.00301375
v -0.74343375 -0.163065 -0.027421875
v -0.790996875 -0.12393875 0.00315125
v -0.780821875 -0.11117625 -0.014775
v -0.793551875 -0.076111875 -0.005473125
v -0.79793875 -0.07913 0.00323125
v -0.11742625 -0.42332375 -0.16832625
v -0.226703125 -0.40787375 -0.155196875
v -0.35284 -0.37432 -0.13618625
v -0.46085375 -0.332071875 -0.114798125
v -0.561731875 -0.275773125 -0.093725
v -0.656583125 -0.20684125 -0.067583125
v -0.72264375 -0.14603875 -0.04585375
v -0.767856875 -0.09810875 -0.027553125
v -0.78895125 -0.07221875 -0.009616875
v -0.11742625 -0.42332375 -0.16832625
v -0.124611875 -0.32633875 -0.11878
v -0.226703125 -0.40787375 -0.155196875
v -0.21629875 -0.317095 -0.09908
v -0.35284 -0.37432 -0.13618625
v -0.329488125 -0.291323125 -0.081735
v -0.46085375 -0.332071875 -0.114798125
v -0.433078125 -0.266028125 -0.068186875
v -0.561731875 -0.275773125 -0.093725
v -0.527953125 -0.22716875 -0.05292875
v -0.656583125 -0.20684125 -0.067583125
v -0.626891875 -0.170661875 -0.03945
v -0.72264375 -0.14603875 -0.04585375
v -0.69751625 -0.12184625 -0.02841125
v -0.767856875 -0.09810875 -0.027553125
v -0.750728125 -0.08379375 -0.01617125
v -0.78224625 -0.066555 -0.005971875
v -0.78895125 -0.07221875 -0.009616875
v -0.136163125 -0.23584 -0.085861875
v -0.12470625 -0.16729125 -0.078588125
v 0.001676875 -0.16707125 -0.121831875
v -0.117966875 -0.094828125 -0.079345
v 0.00160125 -0.094631875 -0.12280375
v -0.12229625 -0.022453125 -0.082503125
v 0.00152625 -0.021825 -0.12694
v -0.237436875 -0.09549625 0.002395
v -0.246866875 -0.022705 0.00252375
v -0.251643125 -0.167501875 0.002301875
v -0.17412 -0.286853125 -0.085886875
v -0.275241875 -0.188121875 0.002303125
v -0.30480125 -0.204491875 0.00232
v -0.407486875 -0.21316 0.002455
v -0.50515625 -0.194526875 0.00262625
v -0.609176875 -0.15110875 0.002845
v -0.680223125 -0.109825 0.003011875
v -0.73618125 -0.072938125 0.003151875
v -0.775155 -0.061166875 0.003226875
v -0.689413125 0.85751 0.004553125
v -0.66180625 1.07343625 0.004853125
v -0.32957 1.073986875 -0.14408375
v -0.343253125 0.85807875 -0.147416875
v -0.29356875 0.370405 -0.122735
v -0.33146 0.515095 -0.13479
v -0.59076875 0.36992375 0.00364
v -0.66532375 0.51455875 0.003976875
v -0.343911875 0.66567875 -0.14335875
v -0.68952 0.665118125 0.00424875
v -0.288 0.05786 0.00271
v -0.14411875 0.05814 -0.087688125
v 0.001438125 0.058791875 -0.13456125
v -0.39665125 0.169605 0.003043125
v -0.197158125 0.16995125 -0.09586125
v -0.497525 0.268256875 0.003345
v -0.24726875 0.26867375 -0.10967625
v -0.301563125 1.302721875 -0.133468125
v -0.605605 1.30221375 0.00513375
v -0.23401625 1.666415 -0.107071875
v -0.181548125 1.838741875 -0.088821875
v -0.464143125 1.66601875 0.005501875
v -0.37129125 1.838413125 0.00564125
v -0.143543125 1.98742125 -0.070993125
v -0.284518125 1.98716625 0.00575
v -0.09768 2.12617875 -0.042603125
v -0.19057 2.126008125 0.00564625
v -0.06439 2.220148125 -0.018738125
v -0.117251875 2.220053125 0.00566875
v -0.044891875 2.287951875 0.00583625
v -0.79312375 -0.065471875 -0.001745
v -0.79095375 -0.06363875 -0.00056625
v -0.79461125 -0.06673125 -0.00040375
v -0.79296375 -0.063888125 0.001583125
v -0.79368875 -0.06450125 0.001615
v -0.79339375 -0.06425125 0.00134875
v -0.793331875 -0.064201875 0.003031875
v 0.002495 -0.73896875 0.064833125
v 0.002235 -0.466076875 0.06526375
v 0.010298125 -0.46607125 0.06590125
v 0.010556875 -0.738961875 0.06547125
v 0.01805125 -0.46606625 0.067813125
v 0.01831 -0.738958125 0.06738125
v 0.02519875 -0.46606375 0.070921875
v 0.025458125 -0.73895625 0.07049125
v 0.03146625 -0.466065 0.075111875
v 0.03172625 -0.738956875 0.07468125
v 0.036611875 -0.466068125 0.080221875
v 0.036871875 -0.73896 0.07979125
v 0.04044 -0.46607375 0.08605375
v 0.040698125 -0.738965 0.085623125
v 0.0428 -0.466081875 0.09238375
v 0.043058125 -0.738973125 0.091953125
v 0.043603125 -0.46609125 0.09897125
v 0.043863125 -0.738983125 0.09853875
v 0.042818125 -0.466101875 0.10556
v 0.043078125 -0.73899375 0.10512875
v 0.04047625 -0.466115 0.111896875
v 0.04073625 -0.73900625 0.11146625
v 0.03666625 -0.466128125 0.11774
v 0.03692625 -0.73901875 0.11730875
v 0.03153625 -0.46614 0.12286375
v 0.031795 -0.739031875 0.122433125
v 0.02528 -0.466153125 0.127073125
v 0.02554 -0.739045 0.126641875
v 0.01814125 -0.466165 0.130203125
v 0.01840125 -0.73905625 0.129771875
v 0.010393125 -0.466175 0.13213625
v 0.010653125 -0.739066875 0.131705
v 0.00233375 -0.46618375 0.13279625
v 0.002591875 -0.73907625 0.132365
v -0.005728125 -0.46619125 0.13215875
v -0.00546875 -0.739081875 0.131728125
v -0.013481875 -0.466195 0.13024875
v -0.013221875 -0.739086875 0.129818125
v -0.02063 -0.466196875 0.12713875
v -0.02037125 -0.739088125 0.126708125
v -0.026896875 -0.46619625 0.12294875
v -0.02663875 -0.739088125 0.122516875
v -0.032043125 -0.466193125 0.11784
v -0.03178375 -0.73908375 0.117408125
v -0.03587 -0.466186875 0.112008125
v -0.03561125 -0.73907875 0.11157625
v -0.03823125 -0.46618 0.10567625
v -0.03797125 -0.73907125 0.105245
v -0.03903375 -0.46617 0.09909
v -0.038775 -0.739061875 0.09865875
v -0.03824875 -0.46615875 0.092501875
v -0.03799 -0.73905 0.09207
v -0.035906875 -0.466146875 0.08616375
v -0.035648125 -0.739038125 0.085733125
v -0.032096875 -0.46613375 0.08032
v -0.031838125 -0.739025 0.07988875
v -0.026966875 -0.46612125 0.075196875
v -0.026706875 -0.739011875 0.07476625
v -0.02071125 -0.466108125 0.070988125
v -0.020451875 -0.739 0.070556875
v -0.013571875 -0.46609625 0.067858125
v -0.013313125 -0.738988125 0.067426875
v 0.010298125 -0.46607125 0.06590125
v 0.002235 -0.466076875 0.06526375
v -0.00582375 -0.46608625 0.065925
v -0.013571875 -0.46609625 0.067858125
v -0.00582375 -0.46608625 0.065925
v -0.005565 -0.738978125 0.06549375
v 0.03203375 -0.991371875 0.122035
v 0.03716625 -0.99135875 0.11691
v 0.01864 -0.99139625 0.12937375
v 0.02577875 -0.991385 0.126243125
v 0.01855 -0.991298125 0.066983125
v 0.010796875 -0.991301875 0.065071875
v -0.03537125 -0.99141875 0.111178125
v -0.03154375 -0.991425 0.11701
v 0.03711125 -0.9913 0.079391875
v 0.031965 -0.991296875 0.074281875
v 0.010891875 -0.991406875 0.13130625
v -0.005325 -0.991318125 0.065095
v -0.01307375 -0.991328125 0.067028125
v 0.002831875 -0.99141625 0.131966875
v -0.038535 -0.991401875 0.09826
v -0.037731875 -0.99141125 0.104846875
v 0.025698125 -0.99129625 0.070091875
v 0.002735 -0.99130875 0.064435
v -0.00522875 -0.991421875 0.13132875
v 0.040975 -0.99134625 0.111066875
v 0.043318125 -0.99133375 0.10473
v -0.01298375 -0.991426875 0.12941875
v -0.02013125 -0.991428125 0.12630875
v 0.040938125 -0.99130625 0.08522375
v 0.04410125 -0.991323125 0.09814125
v 0.043298125 -0.991313125 0.091555
v -0.02639875 -0.991428125 0.12211875
v -0.03540875 -0.991378125 0.085335
v -0.03775125 -0.99139 0.091671875
v -0.020213125 -0.99134 0.07015875
v -0.026468125 -0.991351875 0.074366875
v -0.03159875 -0.991365 0.07949125
v 0.038413125 -0.991741875 0.078678125
v 0.042385 -0.991748125 0.08473125
v 0.042868125 -0.99287375 0.084565
v 0.038846875 -0.992868125 0.07843875
v -0.036855 -0.99182375 0.08484625
v -0.03290125 -0.99181 0.07878125
v -0.033335 -0.992936875 0.078543125
v -0.037336875 -0.99295 0.084681875
v -0.005533125 -0.99186875 0.13258375
v -0.01358125 -0.99187375 0.130601875
v -0.01377875 -0.99300125 0.13099375
v -0.005633125 -0.992996875 0.133001875
v 0.00273375 -0.991751875 0.06315375
v 0.01110125 -0.991745 0.06381625
v 0.011203125 -0.99287125 0.063395
v 0.002733125 -0.992878125 0.06272625
v -0.005631875 -0.99176125 0.06384
v -0.005733125 -0.992886875 0.06342
v -0.04010125 -0.991848125 0.098261875
v -0.03928625 -0.99183625 0.09142375
v -0.039798125 -0.992963125 0.09134
v -0.04062125 -0.992975 0.09826125
v 0.019148125 -0.99174 0.06579875
v 0.01934875 -0.99286625 0.065401875
v -0.03681625 -0.99186625 0.11166875
v -0.039266875 -0.991858125 0.105098125
v -0.039778125 -0.992985 0.10518
v -0.037298125 -0.992993125 0.11183125
v 0.0112 -0.991853125 0.13256
v 0.002835 -0.991861875 0.13324625
v 0.00283625 -0.99299 0.13367
v 0.011303125 -0.99298125 0.132976875
v 0.026566875 -0.991738125 0.06902625
v 0.033071875 -0.99173875 0.07337625
v 0.033441875 -0.992865 0.07307125
v 0.026858125 -0.99286375 0.06867
v -0.02750375 -0.991875 0.123025
v -0.032845 -0.991871875 0.117721875
v -0.033278125 -0.99299875 0.117958125
v -0.02787125 -0.993003125 0.12332625
v -0.027575 -0.991796875 0.073463125
v -0.02794375 -0.992923125 0.07316
v -0.02108375 -0.99178375 0.069095
v -0.01367375 -0.991771875 0.065845
v -0.01387375 -0.992898125 0.06545
v -0.021373125 -0.99291 0.06873875
v -0.02099875 -0.99187625 0.12737375
v -0.021288125 -0.993003125 0.127726875
v 0.02665125 -0.99183 0.127305
v 0.019241875 -0.991843125 0.130555
v 0.019443125 -0.99297 0.130946875
v 0.026943125 -0.992956875 0.127656875
v 0.03846875 -0.99180375 0.11761875
v 0.03314375 -0.991816875 0.122936875
v 0.03351375 -0.99294375 0.123236875
v 0.038905 -0.99293 0.117853125
v 0.04242375 -0.99179 0.11155375
v 0.042906875 -0.992916875 0.111715
v 0.04485375 -0.991778125 0.10497625
v 0.045366875 -0.99290375 0.105056875
v 0.045668125 -0.99176625 0.09813875
v 0.04619125 -0.992891875 0.09813625
v 0.04483375 -0.99175625 0.091301875
v 0.045346875 -0.992881875 0.09121625
v -0.00558875 -1.03904375 0.132928125
v 0.00288 -1.039036875 0.133598125
v -0.027828125 -1.03904875 0.123251875
v -0.02124375 -1.03905 0.127655
v 0.011346875 -1.039026875 0.13290375
v 0.019486875 -1.03901625 0.130873125
v -0.013735 -1.039048125 0.130921875
v 0.026986875 -1.03900375 0.127585
v 0.033558125 -1.03899125 0.12316375
v 0.03894875 -1.038976875 0.11778125
v 0.04295125 -1.03896375 0.111643125
v 0.04541125 -1.03895125 0.104985
v 0.046235 -1.03893875 0.098063125
v 0.04539125 -1.03892875 0.09114375
v 0.042911875 -1.03892125 0.084493125
v 0.03889125 -1.038915 0.07836625
v 0.033485 -1.038911875 0.07299875
v -0.00568875 -1.03893375 0.063346875
v -0.01383 -1.038945 0.065378125
v 0.026901875 -1.03891125 0.06859625
v 0.019393125 -1.038913125 0.06532875
v -0.02132875 -1.038956875 0.06866625
v -0.0279 -1.03897 0.073086875
v 0.011246875 -1.038918125 0.063323125
v 0.002776875 -1.038925 0.062653125
v -0.03329125 -1.03898375 0.07847
v -0.037293125 -1.038996875 0.084608125
v -0.03975375 -1.03901 0.09126625
v -0.040576875 -1.039021875 0.098188125
v -0.03973375 -1.039031875 0.105106875
v -0.03725375 -1.03904 0.111758125
v -0.03323375 -1.03904625 0.117885
v -0.026468125 -0.991351875 0.074366875
v -0.020213125 -0.99134 0.07015875
v -0.02079375 -0.991071875 0.06945
v -0.027206875 -0.991085 0.073765
v 0.01855 -0.991298125 0.066983125
v 0.025698125 -0.99129625 0.070091875
v 0.026276875 -0.991026875 0.069381875
v 0.018948125 -0.99102875 0.06619375
v -0.02013125 -0.991428125 0.12630875
v -0.02639875 -0.991428125 0.12211875
v -0.02713625 -0.991161875 0.12272375
v -0.02071 -0.991163125 0.12702
v -0.01307375 -0.991328125 0.067028125
v -0.005325 -0.991318125 0.065095
v -0.00553 -0.99104875 0.06425875
v -0.01347375 -0.99106 0.06624
v 0.031965 -0.991296875 0.074281875
v 0.03711125 -0.9913 0.079391875
v 0.03797875 -0.99103125 0.078916875
v 0.032703125 -0.991028125 0.073678125
v 0.043298125 -0.991313125 0.091555
v 0.04410125 -0.991323125 0.09814125
v 0.04514625 -0.991055 0.09814
v 0.044321875 -0.991045 0.091386875
v 0.040938125 -0.99130625 0.08522375
v 0.041901875 -0.991036875 0.08489625
v -0.03154375 -0.991425 0.11701
v -0.03537125 -0.99141875 0.111178125
v -0.036335 -0.991153125 0.11150625
v -0.032411875 -0.99115875 0.11748625
v 0.043318125 -0.99133375 0.10473
v 0.04434125 -0.99106625 0.104895
v 0.040975 -0.99134625 0.111066875
v 0.04194 -0.99107875 0.111393125
v 0.03716625 -0.99135875 0.11691
v 0.03803375 -0.991091875 0.11738375
v -0.037731875 -0.99141125 0.104846875
v -0.038535 -0.991401875 0.09826
v -0.03957875 -0.991135 0.098261875
v -0.038755 -0.991145 0.105015
v 0.03203375 -0.991371875 0.122035
v 0.02577875 -0.991385 0.126243125
v 0.02636 -0.991118125 0.126951875
v 0.032773125 -0.991105 0.122636875
v 0.01864 -0.99139625 0.12937375
v 0.010891875 -0.991406875 0.13130625
v 0.011096875 -0.99114125 0.132143125
v 0.01904 -0.99113 0.130161875
v 0.002831875 -0.99141625 0.131966875
v -0.00522875 -0.991421875 0.13132875
v -0.005431875 -0.991156875 0.132166875
v 0.00283375 -0.99115 0.13282
v -0.01298375 -0.991426875 0.12941875
v -0.013381875 -0.99116125 0.13020875
v -0.03159875 -0.991365 0.07949125
v -0.032468125 -0.991098125 0.07901875
v -0.03775125 -0.99139 0.091671875
v -0.03540875 -0.991378125 0.085335
v -0.03637375 -0.991111875 0.08500875
v -0.038775 -0.99112375 0.091506875
v 0.010796875 -0.991301875 0.065071875
v 0.01099875 -0.99103375 0.064235
v 0.002735 -0.99130875 0.064435
v 0.002733125 -0.99104125 0.063581875
v -0.027206875 -0.991085 0.073765
v -0.02079375 -0.991071875 0.06945
v 0.018948125 -0.99102875 0.06619375
v 0.026276875 -0.991026875 0.069381875
v -0.02071 -0.991163125 0.12702
v -0.02713625 -0.991161875 0.12272375
v -0.01347375 -0.99106 0.06624
v -0.00553 -0.99104875 0.06425875
v 0.032703125 -0.991028125 0.073678125
v 0.03797875 -0.99103125 0.078916875
v 0.044321875 -0.991045 0.091386875
v 0.04514625 -0.991055 0.09814
v 0.041901875 -0.991036875 0.08489625
v -0.032411875 -0.99115875 0.11748625
v -0.036335 -0.991153125 0.11150625
v 0.04434125 -0.99106625 0.104895
v 0.04194 -0.99107875 0.111393125
v 0.03803375 -0.991091875 0.11738375
v -0.038755 -0.991145 0.105015
v -0.03957875 -0.991135 0.098261875
v 0.032773125 -0.991105 0.122636875
v 0.02636 -0.991118125 0.126951875
v 0.01904 -0.99113 0.130161875
v 0.011096875 -0.99114125 0.132143125
v 0.00283375 -0.99115 0.13282
v -0.005431875 -0.991156875 0.132166875
v -0.013381875 -0.99116125 0.13020875
v -0.032468125 -0.991098125 0.07901875
v -0.038775 -0.99112375 0.091506875
v -0.03637375 -0.991111875 0.08500875
v 0.01099875 -0.99103375 0.064235
v 0.002733125 -0.99104125 0.063581875
v -0.03579 -1.04733625 0.11125
v -0.03191625 -1.047341875 0.11715375
v -0.005275 -1.04733875 0.13165125
v 0.00288625 -1.047333125 0.13229625
v -0.026706875 -1.047345 0.12232625
v -0.020361875 -1.04734625 0.12656875
v 0.01104625 -1.04732375 0.131628125
v 0.01889 -1.047313125 0.12967125
v -0.01312625 -1.04734375 0.129718125
v 0.026116875 -1.047301875 0.126501875
v 0.03245 -1.04728875 0.12224125
v 0.037645 -1.04727625 0.11705375
v 0.04150125 -1.047263125 0.111138125
v 0.043871875 -1.04725 0.104721875
v 0.04466625 -1.04723875 0.098053125
v 0.043853125 -1.04722875 0.09138375
v 0.041463125 -1.04722125 0.084975
v 0.03758875 -1.04721625 0.07907
v 0.03238 -1.047211875 0.073898125
v -0.005373125 -1.04723375 0.064596875
v -0.01321625 -1.04724375 0.06655375
v 0.026035 -1.047211875 0.06965625
v 0.01879875 -1.04721375 0.066508125
v -0.02044375 -1.04725625 0.06972375
v -0.026776875 -1.04726875 0.07398375
v 0.010948125 -1.047218125 0.06457375
v 0.002788125 -1.047225 0.06392875
v -0.03197125 -1.047281875 0.07917125
v -0.035828125 -1.047295 0.085086875
v -0.03819875 -1.047306875 0.091503125
v -0.038993125 -1.04731875 0.098173125
v -0.03818 -1.047328125 0.10484
v -0.005373125 -1.04723375 0.064596875
v 0.002788125 -1.047225 0.06392875
v 0.0028 -1.05314125 0.069415
v -0.004048125 -1.05314875 0.06997625
v 0.010948125 -1.047218125 0.06457375
v 0.01879875 -1.04721375 0.066508125
v 0.016238125 -1.053131875 0.07157875
v 0.00965 -1.05313625 0.06995625
v -0.038993125 -1.04731875 0.098173125
v -0.03819875 -1.047306875 0.091503125
v -0.031596875 -1.05321125 0.09255625
v -0.032263125 -1.05322 0.09815375
v 0.026035 -1.047211875 0.06965625
v 0.03238 -1.047211875 0.073898125
v 0.02763625 -1.05313125 0.07778125
v 0.022311875 -1.05313125 0.07422125
v -0.035828125 -1.047295 0.085086875
v -0.029606875 -1.0532 0.08717125
v -0.03579 -1.04733625 0.11125
v -0.03818 -1.047328125 0.10484
v -0.03158125 -1.053228125 0.10375
v -0.029575 -1.053235 0.109128125
v -0.02044375 -1.04725625 0.06972375
v -0.01321625 -1.04724375 0.06655375
v -0.01063 -1.053158125 0.071616875
v -0.01669625 -1.053168125 0.074276875
v -0.03197125 -1.047281875 0.07917125
v -0.026776875 -1.04726875 0.07398375
v -0.02201125 -1.053178125 0.077853125
v -0.02637125 -1.05318875 0.082206875
v -0.026706875 -1.047345 0.12232625
v -0.03191625 -1.047341875 0.11715375
v -0.02632375 -1.05324 0.11408375
v -0.021951875 -1.053241875 0.118425
v -0.01312625 -1.04734375 0.129718125
v -0.020361875 -1.04734625 0.12656875
v -0.016626875 -1.053243125 0.121985
v -0.01055375 -1.05324125 0.124626875
v 0.00288625 -1.047333125 0.13229625
v -0.005275 -1.04733875 0.13165125
v -0.00396625 -1.053238125 0.12625
v 0.00288375 -1.053231875 0.126791875
v 0.01889 -1.047313125 0.12967125
v 0.01104625 -1.04732375 0.131628125
v 0.009731875 -1.053225 0.12623
v 0.016315 -1.05321625 0.12458875
v 0.03245 -1.04728875 0.12224125
v 0.026116875 -1.047301875 0.126501875
v 0.02238125 -1.05320625 0.12192875
v 0.027695 -1.053195 0.11835375
v 0.04150125 -1.047263125 0.111138125
v 0.037645 -1.04727625 0.11705375
v 0.03205375 -1.05318375 0.11399875
v 0.035291875 -1.053173125 0.109035
v 0.04466625 -1.04723875 0.098053125
v 0.043871875 -1.04725 0.104721875
v 0.037281875 -1.053163125 0.10365125
v 0.037948125 -1.053153125 0.098051875
v 0.041463125 -1.04722125 0.084975
v 0.043853125 -1.04722875 0.09138375
v 0.037265 -1.053145 0.092456875
v 0.03526 -1.05313875 0.087078125
v 0.03758875 -1.04721625 0.07907
v 0.03200875 -1.05313375 0.082123125
v -0.021553125 -1.057318125 0.098131875
v -0.021078125 -1.05732375 0.10202125
v -0.010685 -1.05733375 0.114695
v -0.00646375 -1.057333125 0.11653125
v -0.01968375 -1.05732875 0.10575875
v -0.017425 -1.057331875 0.109203125
v -0.001885 -1.05733 0.11766
v 0.00287375 -1.057326875 0.11803625
v -0.01438625 -1.05733375 0.11222
v 0.007635 -1.05732125 0.11764625
v 0.01221 -1.057315 0.116505
v 0.01642625 -1.057308125 0.11465625
v 0.02011875 -1.05730125 0.11217125
v 0.02314875 -1.057293125 0.109145
v 0.02539875 -1.05728625 0.10569375
v 0.026781875 -1.05727875 0.101951875
v 0.027245 -1.057271875 0.098061875
v 0.02677 -1.05726625 0.094173125
v 0.02537625 -1.057261875 0.09043375
v 0.023116875 -1.057258125 0.08699
v 0.020078125 -1.05725625 0.083973125
v -0.001943125 -1.05726875 0.078546875
v -0.006518125 -1.057275 0.07968875
v 0.016376875 -1.05725625 0.08149875
v 0.01215625 -1.057256875 0.079661875
v -0.010733125 -1.057281875 0.081536875
v -0.014426875 -1.05728875 0.084021875
v 0.007576875 -1.05726 0.07853375
v 0.002818125 -1.05726375 0.078156875
v -0.017456875 -1.057296875 0.08704875
v -0.01970625 -1.057305 0.09049875
v -0.02109 -1.057311875 0.09424125
v -0.00155125 -1.06004875 0.106803125
v 0.000613125 -1.060048125 0.107335
v 0.00926375 -1.060038125 0.10591625
v 0.01101 -1.06003375 0.104741875
v 0.002861875 -1.06004625 0.107513125
v 0.00511125 -1.06004375 0.10732875
v 0.012441875 -1.06003125 0.103311875
v 0.01350375 -1.060026875 0.101683125
v 0.007273125 -1.06004125 0.10679
v 0.014158125 -1.06002375 0.09991375
v 0.01437625 -1.06002 0.09807625
v 0.014153125 -1.060018125 0.096238125
v 0.01349375 -1.06001625 0.094471875
v 0.01242625 -1.06001375 0.092845
v 0.01099125 -1.060013125 0.09141875
v 0.00058625 -1.06001875 0.08885625
v -0.001575 -1.060021875 0.089395
v 0.009241875 -1.060013125 0.09025
v 0.007246875 -1.06001375 0.089381875
v -0.003568125 -1.060025 0.09026875
v -0.005311875 -1.06002875 0.091443125
v 0.00508375 -1.060015 0.08885
v 0.002835 -1.060016875 0.088671875
v -0.00674375 -1.060031875 0.092871875
v -0.007806875 -1.06003625 0.094501875
v -0.00846 -1.06003875 0.09627125
v -0.00868 -1.060041875 0.09810875
v -0.008455 -1.060045 0.099946875
v -0.00779625 -1.060046875 0.101711875
v -0.00672875 -1.06004875 0.10334
v -0.005293125 -1.06005 0.10476625
v -0.00354375 -1.06005 0.105935
v 0.005563125 -1.060511875 0.100301875
v 0.006038125 -1.06051125 0.099828125
v 0.006606875 -1.06050625 0.097475
v 0.006388125 -1.06050625 0.096886875
v 0.006391875 -1.06051 0.099285
v 0.00660875 -1.060508125 0.098698125
v 0.006033125 -1.060505 0.096346875
v 0.00555625 -1.060505 0.095873125
v 0.00209625 -1.060506875 0.09502125
v 0.00137875 -1.060508125 0.0952
v 0.006681875 -1.060506875 0.09808625
v 0.004975 -1.060505 0.09548375
v 0.004311875 -1.060505 0.09519625
v 0.00071625 -1.06050875 0.09549
v 0.00013625 -1.06051 0.09588
v 0.003591875 -1.06050625 0.09501875
v 0.002845 -1.06050625 0.09496
v -0.00034125 -1.06051125 0.09635625
v -0.00069375 -1.060511875 0.096898125
v -0.00091125 -1.06051375 0.09748625
v -0.000983125 -1.060515 0.098096875
v -0.00090875 -1.06051625 0.098708125
v -0.00069 -1.06051625 0.09929625
v -0.000335 -1.060516875 0.099836875
v 0.000141875 -1.060516875 0.10031
v 0.00072375 -1.060516875 0.10069875
v 0.001386875 -1.060516875 0.100986875
v 0.00210625 -1.060516875 0.10116375
v 0.00285375 -1.06051625 0.101223125
v 0.00360125 -1.060515 0.101161875
v 0.00432 -1.06051375 0.100983125
v 0.004981875 -1.060513125 0.100693125
v 0.00284875 -1.06051125 0.09802
v 0.002763125 -1.06051125 0.098078125
v 0.002866875 -1.06051125 0.09816125
v 0.002935 -1.06051125 0.098076875
v 0.00231125 -0.738768125 -0.062768125
v 0.01037 -0.73875875 -0.063428125
v 0.01011125 -0.465866875 -0.062996875
v 0.002051875 -0.46587625 -0.062336875
v 0.018118125 -0.738748125 -0.06536125
v 0.01785875 -0.465856875 -0.06492875
v 0.025256875 -0.738736875 -0.068491875
v 0.024998125 -0.465845 -0.06806125
v 0.031513125 -0.73872375 -0.0727
v 0.03125375 -0.465831875 -0.072268125
v 0.036643125 -0.73871125 -0.07782375
v 0.036385 -0.46582 -0.077393125
v 0.040453125 -0.738698125 -0.083666875
v 0.04019375 -0.465806875 -0.08323625
v 0.042795 -0.73868625 -0.090005
v 0.04253625 -0.46579375 -0.08957375
v 0.04358 -0.738675 -0.096593125
v 0.04332125 -0.465783125 -0.096161875
v 0.042776875 -0.738665 -0.10318
v 0.042518125 -0.46577375 -0.10274875
v 0.040416875 -0.738656875 -0.10951
v 0.040156875 -0.46576625 -0.10908
v 0.03658875 -0.738651875 -0.115343125
v 0.03633 -0.46576 -0.114911875
v 0.031443125 -0.73864875 -0.120451875
v 0.031185 -0.465756875 -0.12002125
v 0.025176875 -0.738648125 -0.124641875
v 0.024918125 -0.46575625 -0.12421125
v 0.018028125 -0.73865 -0.127751875
v 0.01777 -0.465758125 -0.12732125
v 0.010275 -0.73865375 -0.129663125
v 0.01001625 -0.465763125 -0.12923125
v 0.002213125 -0.73866125 -0.1303
v 0.00195375 -0.46576875 -0.12986875
v -0.005846875 -0.73867 -0.12963875
v -0.00610625 -0.465778125 -0.129208125
v -0.013595 -0.73868 -0.127706875
v -0.01385375 -0.465788125 -0.12727625
v -0.02073375 -0.738691875 -0.12457625
v -0.020993125 -0.4658 -0.12414375
v -0.02699 -0.73870375 -0.120368125
v -0.027248125 -0.465813125 -0.119936875
v -0.03212 -0.738716875 -0.11524375
v -0.03237875 -0.46582625 -0.114811875
v -0.03593 -0.73873 -0.10940125
v -0.03618875 -0.46583875 -0.10896875
v -0.038271875 -0.738741875 -0.103061875
v -0.03853125 -0.46585125 -0.10263125
v -0.039056875 -0.73875375 -0.09647375
v -0.03931625 -0.465861875 -0.096043125
v -0.03825375 -0.738763125 -0.089888125
v -0.038511875 -0.465871875 -0.089456875
v -0.035893125 -0.73877125 -0.083556875
v -0.036151875 -0.46587875 -0.08312625
v -0.03206625 -0.738776875 -0.07772375
v -0.032325 -0.465885 -0.077293125
v -0.02692 -0.73878 -0.072615
v -0.02717875 -0.465888125 -0.07218375
v -0.020653125 -0.73878 -0.068425
v -0.020911875 -0.46588875 -0.06799375
v -0.013505 -0.738778125 -0.065315
v -0.01376375 -0.465886875 -0.06488375
v 0.01011125 -0.465866875 -0.062996875
v 0.01785875 -0.465856875 -0.06492875
v 0.024998125 -0.465845 -0.06806125
v 0.03125375 -0.465831875 -0.072268125
v -0.00575125 -0.73877375 -0.063405
v -0.00601125 -0.465883125 -0.06297375
v 0.03682875 -0.990991875 -0.115741875
v 0.031683125 -0.99098875 -0.12085125
v 0.02541625 -0.990988125 -0.12504125
v 0.018268125 -0.99099 -0.12815125
v 0.01061 -0.99109875 -0.063826875
v 0.018358125 -0.991088125 -0.06575875
v -0.03188 -0.991056875 -0.115641875
v -0.03569 -0.99107 -0.10979875
v 0.031753125 -0.99106375 -0.073098125
v 0.036883125 -0.99105125 -0.078221875
v 0.010515 -0.99099375 -0.13006125
v -0.013265 -0.99111875 -0.06571375
v -0.005511875 -0.99111375 -0.063803125
v 0.002451875 -0.99100125 -0.130698125
v -0.038031875 -0.991081875 -0.10346125
v -0.038816875 -0.99109375 -0.096873125
v 0.025496875 -0.991076875 -0.06889
v 0.00255 -0.991108125 -0.06316625
v -0.005606875 -0.99101 -0.130038125
v 0.04301625 -0.991005 -0.103578125
v 0.04065625 -0.990998125 -0.10991
v -0.013355 -0.99102 -0.128105
v -0.02049375 -0.991031875 -0.124975
v 0.040693125 -0.991038125 -0.08406625
v 0.043035 -0.99102625 -0.09040375
v 0.04382 -0.991015 -0.096991875
v -0.02675 -0.99104375 -0.120766875
v -0.03801375 -0.991103125 -0.09028625
v -0.035653125 -0.99111125 -0.08395625
v -0.02668125 -0.99112 -0.07301375
v -0.02041375 -0.99112 -0.06882375
v -0.03182625 -0.991116875 -0.078123125
v 0.038186875 -0.99149625 -0.07751375
v 0.038621875 -0.992621875 -0.07728
v 0.042625 -0.99260875 -0.083418125
v 0.04214125 -0.991481875 -0.08357875
v -0.03709875 -0.991558125 -0.08346375
v -0.03757875 -0.992685 -0.083301875
v -0.03356 -0.99269125 -0.077175
v -0.033126875 -0.99156375 -0.077411875
v -0.00591375 -0.991453125 -0.131293125
v -0.00601625 -0.99257875 -0.131713125
v -0.014155 -0.99259 -0.129683125
v -0.01395625 -0.99146375 -0.129286875
v 0.002553125 -0.99155375 -0.061888125
v 0.00255375 -0.992681875 -0.061463125
v 0.011021875 -0.992673125 -0.062156875
v 0.010918125 -0.991545 -0.062573125
v -0.00581375 -0.99156125 -0.062548125
v -0.005915 -0.99268875 -0.062131875
v -0.040383125 -0.99154 -0.09687125
v -0.04090375 -0.992666875 -0.096871875
v -0.04005875 -0.992676875 -0.089953125
v -0.03954875 -0.99155 -0.090035
v 0.01916125 -0.992661875 -0.064186875
v 0.01896 -0.991535 -0.06457875
v -0.037136875 -0.99151625 -0.110288125
v -0.03761875 -0.992643125 -0.110451875
v -0.04008 -0.992655 -0.10379375
v -0.03956875 -0.991528125 -0.10371
v 0.010818125 -0.991436875 -0.131316875
v 0.01092 -0.992563125 -0.131738125
v 0.002451875 -0.99257 -0.132406875
v 0.00245125 -0.99144375 -0.13197875
v 0.02636875 -0.991521875 -0.067828125
v 0.02666125 -0.99264875 -0.06747625
v 0.033231875 -0.99263625 -0.071896875
v 0.032861875 -0.99150875 -0.07219625
v -0.027858125 -0.99148875 -0.12167125
v -0.028226875 -0.992615 -0.12197375
v -0.03361625 -0.99262875 -0.11659
v -0.033183125 -0.991501875 -0.116351875
v -0.02815375 -0.992695 -0.071808125
v -0.02778625 -0.991566875 -0.07210875
v -0.02128125 -0.991568125 -0.06776
v -0.02156875 -0.992695 -0.06740625
v -0.01406 -0.992693125 -0.06413875
v -0.013861875 -0.99156625 -0.064531875
v -0.021655 -0.992601875 -0.12639375
v -0.02136625 -0.99147625 -0.126038125
v 0.026285 -0.99143 -0.126106875
v 0.026575 -0.99255625 -0.12646375
v 0.019066875 -0.992558125 -0.12973125
v 0.01886625 -0.991431875 -0.129335
v 0.03813125 -0.99143375 -0.116455
v 0.03856625 -0.99256 -0.11669375
v 0.03316 -0.992556875 -0.122061875
v 0.03279 -0.99143125 -0.121758125
v 0.042101875 -0.99144 -0.11040125
v 0.042585 -0.99256625 -0.110566875
v 0.044551875 -0.991448125 -0.10383125
v 0.045065 -0.99257375 -0.103916875
v 0.04538625 -0.991458125 -0.096995
v 0.04590875 -0.99258375 -0.096996875
v 0.045085 -0.99259625 -0.090076875
v 0.044571875 -0.99147 -0.090156875
v 0.002495 -1.038616875 -0.13247875
v -0.005971875 -1.03862625 -0.13178625
v -0.02161125 -1.03864875 -0.126466875
v -0.028183125 -1.038661875 -0.12204625
v 0.01911 -1.038605 -0.12980375
v 0.01096375 -1.03861 -0.13181125
v -0.014111875 -1.038636875 -0.12975625
v 0.03320375 -1.03860375 -0.122135
v 0.02661875 -1.038603125 -0.12653625
v 0.04262875 -1.038613125 -0.11064
v 0.03860875 -1.038606875 -0.116766875
v 0.045953125 -1.03863125 -0.09707125
v 0.04510875 -1.03862125 -0.10399
v 0.04266875 -1.03865625 -0.08349125
v 0.04512875 -1.038643125 -0.09014875
v 0.03327625 -1.038683125 -0.07196875
v 0.03866625 -1.03866875 -0.077353125
v -0.014016875 -1.03874 -0.064211875
v -0.00587125 -1.03873625 -0.062205
v 0.019205 -1.038708125 -0.06426
v 0.026705 -1.03869625 -0.067548125
v -0.02811 -1.03874125 -0.07188
v -0.02152625 -1.038741875 -0.06747875
v 0.002598125 -1.038728125 -0.061535
v 0.011065 -1.03871875 -0.06222875
v -0.03753625 -1.038731875 -0.083375
v -0.03351625 -1.038738125 -0.07724875
v -0.04086 -1.03871375 -0.096945
v -0.04001625 -1.03872375 -0.09002625
v -0.03757625 -1.03868875 -0.11052375
v -0.04003625 -1.038701875 -0.10386625
v -0.033573125 -1.03867625 -0.116663125
v -0.02668125 -0.99112 -0.07301375
v -0.027418125 -0.99085375 -0.07240875
v -0.020993125 -0.990855 -0.06811375
v -0.02041375 -0.99112 -0.06882375
v 0.018358125 -0.991088125 -0.06575875
v 0.01875875 -0.990821875 -0.06497125
v 0.026078125 -0.99081 -0.06818125
v 0.025496875 -0.991076875 -0.06889
v -0.02049375 -0.991031875 -0.124975
v -0.021075 -0.99076375 -0.125683125
v -0.02748875 -0.990776875 -0.121368125
v -0.02675 -0.99104375 -0.120766875
v -0.013265 -0.99111875 -0.06571375
v -0.01366375 -0.990853125 -0.064925
v -0.00571375 -0.99084875 -0.06296625
v -0.005511875 -0.99111375 -0.063803125
v 0.031753125 -0.99106375 -0.073098125
v 0.03249125 -0.990796875 -0.07249625
v 0.037751875 -0.99078375 -0.07775
v 0.036883125 -0.99105125 -0.078221875
v 0.043035 -0.99102625 -0.09040375
v 0.04406 -0.990758125 -0.090238125
v 0.044863125 -0.990746875 -0.096993125
v 0.04382 -0.991015 -0.096991875
v 0.040693125 -0.991038125 -0.08406625
v 0.041658125 -0.99077125 -0.08374
v -0.03188 -0.991056875 -0.115641875
v -0.03274875 -0.99079 -0.116115
v -0.03665625 -0.990803125 -0.110123125
v -0.03569 -0.99107 -0.10979875
v 0.04404 -0.990736875 -0.10374625
v 0.04301625 -0.991005 -0.103578125
v 0.04162 -0.99072875 -0.11023625
v 0.04065625 -0.990998125 -0.10991
v 0.037696875 -0.990723125 -0.116216875
v 0.03682875 -0.990991875 -0.115741875
v -0.038031875 -0.991081875 -0.10346125
v -0.039056875 -0.99081625 -0.103625
v -0.03986125 -0.990826875 -0.09687125
v -0.038816875 -0.99109375 -0.096873125
v 0.031683125 -0.99098875 -0.12085125
v 0.03242 -0.99072 -0.121455
v 0.025995 -0.99071875 -0.12575125
v 0.02541625 -0.990988125 -0.12504125
v 0.018268125 -0.99099 -0.12815125
v 0.01866625 -0.99072125 -0.12894
v 0.010716875 -0.99072625 -0.130898125
v 0.010515 -0.99099375 -0.13006125
v 0.002451875 -0.99100125 -0.130698125
v 0.00245125 -0.990731875 -0.13155125
v -0.005811875 -0.99074125 -0.13087375
v -0.005606875 -0.99101 -0.130038125
v -0.013355 -0.99102 -0.128105
v -0.013756875 -0.990751875 -0.128891875
v -0.03182625 -0.991116875 -0.078123125
v -0.03269375 -0.99085125 -0.077648125
v -0.03801375 -0.991103125 -0.09028625
v -0.039036875 -0.990836875 -0.090118125
v -0.036616875 -0.990845 -0.083626875
v -0.035653125 -0.99111125 -0.08395625
v 0.01061 -0.99109875 -0.063826875
v 0.010815 -0.990833125 -0.06299
v 0.00255125 -0.990841875 -0.062313125
v 0.00255 -0.991108125 -0.06316625
v -0.027418125 -0.99085375 -0.07240875
v -0.020993125 -0.990855 -0.06811375
v 0.01875875 -0.990821875 -0.06497125
v 0.026078125 -0.99081 -0.06818125
v -0.021075 -0.99076375 -0.125683125
v -0.02748875 -0.990776875 -0.121368125
v -0.01366375 -0.990853125 -0.064925
v -0.00571375 -0.99084875 -0.06296625
v 0.03249125 -0.990796875 -0.07249625
v 0.037751875 -0.99078375 -0.07775
v 0.04406 -0.990758125 -0.090238125
v 0.044863125 -0.990746875 -0.096993125
v 0.041658125 -0.99077125 -0.08374
v -0.03274875 -0.99079 -0.116115
v -0.03665625 -0.990803125 -0.110123125
v 0.04404 -0.990736875 -0.10374625
v 0.04162 -0.99072875 -0.11023625
v 0.037696875 -0.990723125 -0.116216875
v -0.039056875 -0.99081625 -0.103625
v -0.03986125 -0.990826875 -0.09687125
v 0.03242 -0.99072 -0.121455
v 0.025995 -0.99071875 -0.12575125
v 0.01866625 -0.99072125 -0.12894
v 0.010716875 -0.99072625 -0.130898125
v 0.00245125 -0.990731875 -0.13155125
v -0.005811875 -0.99074125 -0.13087375
v -0.013756875 -0.990751875 -0.128891875
v -0.03269375 -0.99085125 -0.077648125
v -0.039036875 -0.990836875 -0.090118125
v -0.036616875 -0.990845 -0.083626875
v 0.010815 -0.990833125 -0.06299
v 0.00255125 -0.990841875 -0.062313125
v -0.032253125 -1.04697375 -0.115961875
v -0.03611 -1.046986875 -0.11004625
v 0.002505 -1.046916875 -0.13120375
v -0.005655 -1.04692625 -0.13053625
v -0.02072625 -1.046948125 -0.12541
v -0.02705875 -1.04696125 -0.12114875
v 0.018516875 -1.04690625 -0.12862625
v 0.01066625 -1.04691 -0.13055875
v -0.01349875 -1.04693625 -0.12857875
v 0.032098125 -1.046905 -0.12123625
v 0.025753125 -1.04690375 -0.125476875
v 0.04118125 -1.046913125 -0.110158125
v 0.037306875 -1.046908125 -0.116061875
v 0.04438375 -1.04693125 -0.09708125
v 0.04357125 -1.04692125 -0.103748125
v 0.04122 -1.046955 -0.083995
v 0.04359 -1.046941875 -0.09041125
v 0.032166875 -1.04698125 -0.072891875
v 0.037361875 -1.046968125 -0.07807875
v -0.013406875 -1.04703625 -0.06541625
v -0.005558125 -1.047031875 -0.063481875
v 0.018606875 -1.047005 -0.065461875
v 0.025835 -1.046993125 -0.068631875
v -0.026988125 -1.047036875 -0.07280625
v -0.02064375 -1.047038125 -0.068565
v 0.00260375 -1.047025 -0.062836875
v 0.01076375 -1.04701625 -0.063505
v -0.036073125 -1.047028125 -0.083883125
v -0.032198125 -1.04703375 -0.07797875
v -0.039275 -1.04701125 -0.09696125
v -0.038461875 -1.04702 -0.090291875
v -0.03848125 -1.04699875 -0.10363
v -0.005558125 -1.047031875 -0.063481875
v -0.004248125 -1.05293 -0.068883125
v 0.00260125 -1.05292375 -0.06834125
v 0.00260375 -1.047025 -0.062836875
v 0.01076375 -1.04701625 -0.063505
v 0.00944875 -1.052916875 -0.068901875
v 0.016033125 -1.052908125 -0.070545
v 0.018606875 -1.047005 -0.065461875
v -0.039275 -1.04701125 -0.09696125
v -0.032545 -1.052911875 -0.09698
v -0.031863125 -1.05292 -0.091383125
v -0.038461875 -1.04702 -0.090291875
v 0.025835 -1.046993125 -0.068631875
v 0.02209875 -1.052898125 -0.073205
v 0.027413125 -1.052886875 -0.07678
v 0.032166875 -1.04698125 -0.072891875
v -0.029856875 -1.052926875 -0.08600375
v -0.036073125 -1.047028125 -0.083883125
v -0.03611 -1.046986875 -0.11004625
v -0.02988875 -1.052891875 -0.107961875
v -0.03187875 -1.052903125 -0.102576875
v -0.03848125 -1.04699875 -0.10363
v -0.02064375 -1.047038125 -0.068565
v -0.01690875 -1.052935 -0.073148125
v -0.01083625 -1.052933125 -0.07050625
v -0.013406875 -1.04703625 -0.06541625
v -0.032198125 -1.04703375 -0.07797875
v -0.02660625 -1.052931875 -0.08104875
v -0.02223375 -1.05293375 -0.07670875
v -0.026988125 -1.047036875 -0.07280625
v -0.02705875 -1.04696125 -0.12114875
v -0.022291875 -1.05287 -0.11728
v -0.026651875 -1.05288125 -0.112926875
v -0.032253125 -1.04697375 -0.115961875
v -0.01349875 -1.04693625 -0.12857875
v -0.010913125 -1.05285 -0.123515
v -0.016978125 -1.05286 -0.120855
v -0.02072625 -1.046948125 -0.12541
v 0.002505 -1.046916875 -0.13120375
v 0.00251875 -1.05283375 -0.12571875
v -0.00432875 -1.05284125 -0.125158125
v -0.005655 -1.04692625 -0.13053625
v 0.018516875 -1.04690625 -0.12862625
v 0.015956875 -1.05282375 -0.123555
v 0.00936875 -1.052828125 -0.125178125
v 0.01066625 -1.04691 -0.13055875
v 0.032098125 -1.046905 -0.12123625
v 0.02735375 -1.052823125 -0.117351875
v 0.02202875 -1.052823125 -0.120911875
v 0.025753125 -1.04690375 -0.125476875
v 0.04118125 -1.046913125 -0.110158125
v 0.034978125 -1.05283125 -0.10805625
v 0.031726875 -1.05282625 -0.11301125
v 0.037306875 -1.046908125 -0.116061875
v 0.04438375 -1.04693125 -0.09708125
v 0.03766625 -1.052845 -0.09708
v 0.036983125 -1.052836875 -0.102676875
v 0.04357125 -1.04692125 -0.103748125
v 0.04122 -1.046955 -0.083995
v 0.03501 -1.052865 -0.08609875
v 0.03699875 -1.052855 -0.091483125
v 0.04359 -1.046941875 -0.09041125
v 0.031771875 -1.05287625 -0.081133125
v 0.037361875 -1.046968125 -0.07807875
v -0.02137125 -1.05700375 -0.100891875
v -0.021835 -1.05701 -0.097001875
v -0.00679875 -1.056966875 -0.11544375
v -0.01101625 -1.05697375 -0.11359625
v -0.01773875 -1.05698875 -0.108085
v -0.01998875 -1.056996875 -0.10463375
v 0.002535 -1.05695625 -0.116975
v -0.00222375 -1.05696125 -0.11658625
v -0.01470875 -1.05698125 -0.11111125
v 0.011875 -1.05694875 -0.11547125
v 0.00729625 -1.056951875 -0.1166
v 0.01979625 -1.056948125 -0.11116125
v 0.016095 -1.056948125 -0.113635
v 0.02509375 -1.05695375 -0.10469875
v 0.022835 -1.05695 -0.108143125
v 0.026963125 -1.05696375 -0.097071875
v 0.026488125 -1.056958125 -0.10096125
v 0.02511625 -1.056978125 -0.089438125
v 0.0265 -1.05697 -0.09318125
v 0.019836875 -1.056993125 -0.082963125
v 0.02286625 -1.056985 -0.08598875
v -0.00674625 -1.057025 -0.07860125
v -0.002166875 -1.057023125 -0.07747375
v 0.011928125 -1.057006875 -0.078628125
v 0.016143125 -1.057 -0.080476875
v -0.01466875 -1.05702625 -0.082913125
v -0.010968125 -1.05702625 -0.080438125
v 0.002593125 -1.05701875 -0.077096875
v 0.007351875 -1.05701375 -0.077488125
v -0.019966875 -1.05702125 -0.089373125
v -0.017706875 -1.05702375 -0.08592875
v -0.02136125 -1.05701625 -0.093111875
v 0.00030375 -1.05971125 -0.106278125
v -0.001856875 -1.05971375 -0.105738125
v 0.010708125 -1.059705 -0.10371375
v 0.00896 -1.059705 -0.104883125
v 0.004801875 -1.059706875 -0.10628375
v 0.002553125 -1.05970875 -0.106461875
v 0.013211875 -1.059708125 -0.10066125
v 0.012145 -1.05970625 -0.102288125
v 0.00696625 -1.059705 -0.10575
v 0.014095 -1.059713125 -0.097058125
v 0.01387 -1.05971 -0.098895
v 0.013221875 -1.05971875 -0.09345125
v 0.01387625 -1.05971625 -0.09521875
v 0.010728125 -1.05972625 -0.09039125
v 0.01215875 -1.059723125 -0.09182125
v -0.001831875 -1.05974125 -0.08833125
v 0.00033125 -1.05974 -0.087798125
v 0.00699 -1.059733125 -0.08834375
v 0.008983125 -1.05973 -0.089216875
v -0.005575 -1.059741875 -0.090368125
v -0.003826875 -1.059741875 -0.089198125
v 0.00258125 -1.059738125 -0.08762
v 0.00482875 -1.05973625 -0.08780375
v -0.008078125 -1.05973875 -0.09342
v -0.00701 -1.05974125 -0.091793125
v -0.00896125 -1.05973375 -0.09702375
v -0.008736875 -1.059736875 -0.095186875
v -0.00808875 -1.059728125 -0.10063
v -0.008743125 -1.05973125 -0.098863125
v -0.00559375 -1.05972125 -0.10369125
v -0.00702625 -1.05972375 -0.10226125
v -0.00384875 -1.059716875 -0.104865
v 0.00575125 -1.060196875 -0.098786875
v 0.005275 -1.060196875 -0.09926
v 0.00611 -1.060201875 -0.095848125
v 0.006326875 -1.0602 -0.09643625
v 0.006325 -1.06019875 -0.097658125
v 0.00610625 -1.060198125 -0.098245
v 0.00528125 -1.06020375 -0.09483
v 0.00575625 -1.060203125 -0.09530625
v 0.001105 -1.06020875 -0.094145
v 0.00182375 -1.06020875 -0.09396875
v 0.0064 -1.06019875 -0.097046875
v 0.004038125 -1.06020625 -0.09415
v 0.00470125 -1.060205 -0.09444
v -0.00013875 -1.06020875 -0.094821875
v 0.000441875 -1.06020875 -0.09443375
v 0.002571875 -1.060208125 -0.09391
v 0.00331875 -1.060206875 -0.09397125
v -0.000971875 -1.060208125 -0.095838125
v -0.000616875 -1.06020875 -0.095296875
v -0.00126625 -1.060206875 -0.09703625
v -0.00119125 -1.060208125 -0.096425
v -0.00097625 -1.060205 -0.098235
v -0.001193125 -1.06020625 -0.097646875
v -0.000146875 -1.060201875 -0.099251875
v -0.000621875 -1.060203125 -0.098776875
v 0.00109625 -1.0602 -0.099933125
v 0.000433125 -1.06020125 -0.099643125
v 0.002561875 -1.060198125 -0.10017375
v 0.001815 -1.06019875 -0.100111875
v 0.00403 -1.060196875 -0.099936875
v 0.00331 -1.060196875 -0.100115
v 0.004691875 -1.060196875 -0.09965
v 0.002518125 -1.060203125 -0.096981875
v 0.00263875 -1.060203125 -0.09708125
v 0.00251875 -1.060203125 -0.09710125
v -0.267428125 1.48885 0.13013375
v -0.53752625 1.48852625 0.00532875
v 0.000556875 1.489171875 0.191953125
v 0.53809875 1.48955 0.00377625
v 0.268371875 1.48936 0.12936125
v 0.26801 1.48914 -0.121043125
v 0.53809875 1.48955 0.00377625
v 0.00001625 1.489763125 -0.182846875
v -0.26779 1.48914 -0.12027
v -0.53752625 1.48852625 0.00532875
vt 0.049878984375 0.562818984375
vt 0.0652169921875 0.5275650000000001
vt 0.092336015625 0.536555
vt 0.0775519921875 0.57186
vt 0.092336015625 0.536555
vt 0.0652169921875 0.5275650000000001
vt 0.0894969921875 0.491543984375
vt 0.1124580078125 0.50334
vt 0.1124580078125 0.50334
vt 0.0894969921875 0.491543984375
vt 0.117983984375 0.45888800781250005
vt 0.1374319921875 0.469168984375
vt 0.1374319921875 0.469168984375
vt 0.117983984375 0.45888800781250005
vt 0.153898984375 0.42810499999999996
vt 0.1674719921875 0.43942699218750003
vt 0.1674719921875 0.43942699218750003
vt 0.153898984375 0.42810499999999996
vt 0.1917619921875 0.40434000000000003
vt 0.199368984375 0.41534800781250003
vt 0.199368984375 0.41534800781250003
vt 0.1917619921875 0.40434000000000003
vt 0.226341015625 0.388236015625
vt 0.232208984375 0.39711898437500004
vt 0.232208984375 0.39711898437500004
vt 0.226341015625 0.388236015625
vt 0.256931015625 0.378105
vt 0.260373984375 0.38373
vt 0.260373984375 0.38373
vt 0.256931015625 0.378105
vt 0.276871015625 0.373318984375
vt 0.2796819921875 0.37763500000000005
vt 0.291488984375 0.377283984375
vt 0.2796819921875 0.37763500000000005
vt 0.276871015625 0.373318984375
vt 0.291025 0.37566999999999995
vt 0.1064730078125 0.581318984375
vt 0.0775519921875 0.57186
vt 0.092336015625 0.536555
vt 0.1200430078125 0.5460519921875
vt 0.135518984375 0.514745
vt 0.1200430078125 0.5460519921875
vt 0.092336015625 0.536555
vt 0.1124580078125 0.50334
vt 0.15811 0.48016499999999995
vt 0.135518984375 0.514745
vt 0.1124580078125 0.50334
vt 0.1374319921875 0.469168984375
vt 0.181521015625 0.45189300781249997
vt 0.15811 0.48016499999999995
vt 0.1374319921875 0.469168984375
vt 0.1674719921875 0.43942699218750003
vt 0.208448984375 0.42715699218750003
vt 0.181521015625 0.45189300781249997
vt 0.1674719921875 0.43942699218750003
vt 0.199368984375 0.41534800781250003
vt 0.238581015625 0.405485
vt 0.208448984375 0.42715699218750003
vt 0.199368984375 0.41534800781250003
vt 0.232208984375 0.39711898437500004
vt 0.263415 0.39165800781250004
vt 0.238581015625 0.405485
vt 0.232208984375 0.39711898437500004
vt 0.260373984375 0.38373
vt 0.2823130078125 0.38282101562500004
vt 0.263415 0.39165800781250004
vt 0.260373984375 0.38373
vt 0.2796819921875 0.37763500000000005
vt 0.2922 0.379051015625
vt 0.2823130078125 0.38282101562500004
vt 0.2796819921875 0.37763500000000005
vt 0.291488984375 0.377283984375
vt 0.1200430078125 0.5460519921875
vt 0.149948984375 0.55351
vt 0.137076015625 0.5913869921875
vt 0.1064730078125 0.581318984375
vt 0.135518984375 0.514745
vt 0.161823984375 0.5268769921875001
vt 0.149948984375 0.55351
vt 0.1200430078125 0.5460519921875
vt 0.15811 0.48016499999999995
vt 0.1807919921875 0.4954180078125
vt 0.161823984375 0.5268769921875001
vt 0.135518984375 0.514745
vt 0.181521015625 0.45189300781249997
vt 0.1986630078125 0.46679398437499997
vt 0.1807919921875 0.4954180078125
vt 0.15811 0.48016499999999995
vt 0.208448984375 0.42715699218750003
vt 0.21975 0.44213398437499996
vt 0.1986630078125 0.46679398437499997
vt 0.181521015625 0.45189300781249997
vt 0.238581015625 0.405485
vt 0.24654 0.41799800781249996
vt 0.21975 0.44213398437499996
vt 0.208448984375 0.42715699218750003
vt 0.263415 0.39165800781250004
vt 0.268213984375 0.40161
vt 0.24654 0.41799800781249996
vt 0.238581015625 0.405485
vt 0.2823130078125 0.38282101562500004
vt 0.28493 0.38939
vt 0.268213984375 0.40161
vt 0.263415 0.39165800781250004
vt 0.293241015625 0.38162800781249995
vt 0.28493 0.38939
vt 0.2823130078125 0.38282101562500004
vt 0.2922 0.379051015625
vt 0.149948984375 0.55351
vt 0.178321015625 0.55901
vt 0.1650769921875 0.60059
vt 0.137076015625 0.5913869921875
vt 0.178321015625 0.55901
vt 0.197795 0.5692419921875
vt 0.185303984375 0.6072319921875
vt 0.1650769921875 0.60059
vt 0.197795 0.5692419921875
vt 0.218903984375 0.5784419921874999
vt 0.2070769921875 0.6143799999999999
vt 0.185303984375 0.6072319921875
vt 0.218903984375 0.5784419921874999
vt 0.241081015625 0.584306015625
vt 0.228961015625 0.621563984375
vt 0.2070769921875 0.6143799999999999
vt 0.218903984375 0.5784419921874999
vt 0.23061 0.5424969921875
vt 0.253418984375 0.54687
vt 0.241081015625 0.584306015625
vt 0.197795 0.5692419921875
vt 0.178321015625 0.55901
vt 0.2103769921875 0.5310980078125
vt 0.197795 0.5692419921875
vt 0.2103769921875 0.5310980078125
vt 0.23061 0.5424969921875
vt 0.218903984375 0.5784419921874999
vt 0.149948984375 0.55351
vt 0.166748984375 0.5425519921874999
vt 0.178321015625 0.55901
vt 0.161823984375 0.5268769921875001
vt 0.166748984375 0.5425519921874999
vt 0.149948984375 0.55351
vt 0.178321015625 0.55901
vt 0.166748984375 0.5425519921874999
vt 0.206516015625 0.521963984375
vt 0.2103769921875 0.5310980078125
vt 0.206516015625 0.521963984375
vt 0.166748984375 0.5425519921874999
vt 0.161823984375 0.5268769921875001
vt 0.2045230078125 0.51146
vt 0.161823984375 0.5268769921875001
vt 0.1807919921875 0.4954180078125
vt 0.2045230078125 0.51146
vt 0.212085 0.4797419921875
vt 0.2045230078125 0.51146
vt 0.1807919921875 0.4954180078125
vt 0.1986630078125 0.46679398437499997
vt 0.227355 0.45223398437499995
vt 0.212085 0.4797419921875
vt 0.1986630078125 0.46679398437499997
vt 0.21975 0.44213398437499996
vt 0.2507030078125 0.4252719921875
vt 0.227355 0.45223398437499995
vt 0.21975 0.44213398437499996
vt 0.24654 0.41799800781249996
vt 0.270145 0.4080080078125
vt 0.2507030078125 0.4252719921875
vt 0.24654 0.41799800781249996
vt 0.268213984375 0.40161
vt 0.286771015625 0.39484300781250004
vt 0.270145 0.4080080078125
vt 0.268213984375 0.40161
vt 0.28493 0.38939
vt 0.2941669921875 0.38429500000000005
vt 0.286771015625 0.39484300781250004
vt 0.28493 0.38939
vt 0.293241015625 0.38162800781249995
vt 0.5617680078125 0.5010219921875
vt 0.6239280078125 0.5306969921875
vt 0.5910569921875 0.6305530078125
vt 0.5275219921875 0.6050630078125
vt 0.5275219921875 0.6050630078125
vt 0.5910569921875 0.6305530078125
vt 0.558575 0.7297630078124999
vt 0.4936680078125 0.708445
vt 0.376066015625 0.5717169921875
vt 0.42329 0.5746519921875
vt 0.39057 0.6746
vt 0.3470769921875 0.660328984375
vt 0.4054669921875 0.48239199218749995
vt 0.456316015625 0.47430601562499997
vt 0.42329 0.5746519921875
vt 0.376066015625 0.5717169921875
vt 0.42329 0.5746519921875
vt 0.469768984375 0.5858160156250001
vt 0.435833984375 0.689456015625
vt 0.39057 0.6746
vt 0.456316015625 0.47430601562499997
vt 0.503958984375 0.481941015625
vt 0.469768984375 0.5858160156250001
vt 0.42329 0.5746519921875
vt 0.469768984375 0.5858160156250001
vt 0.5275219921875 0.6050630078125
vt 0.4936680078125 0.708445
vt 0.435833984375 0.689456015625
vt 0.503958984375 0.481941015625
vt 0.5617680078125 0.5010219921875
vt 0.5275219921875 0.6050630078125
vt 0.469768984375 0.5858160156250001
vt 0.253418984375 0.54687
vt 0.281705 0.542485
vt 0.2674569921875 0.585725
vt 0.241081015625 0.584306015625
vt 0.241081015625 0.584306015625
vt 0.2674569921875 0.585725
vt 0.25319 0.6295169921875
vt 0.228961015625 0.621563984375
vt 0.281705 0.542485
vt 0.326045 0.520896015625
vt 0.3063030078125 0.5808530078125
vt 0.2674569921875 0.585725
vt 0.2674569921875 0.585725
vt 0.3063030078125 0.5808530078125
vt 0.286811015625 0.6405530078125
vt 0.25319 0.6295169921875
vt 0.326045 0.520896015625
vt 0.365681015625 0.5003480078125
vt 0.34092 0.5755630078125
vt 0.3063030078125 0.5808530078125
vt 0.3063030078125 0.5808530078125
vt 0.34092 0.5755630078125
vt 0.3164919921875 0.6502930078125
vt 0.286811015625 0.6405530078125
vt 0.365681015625 0.5003480078125
vt 0.4054669921875 0.48239199218749995
vt 0.376066015625 0.5717169921875
vt 0.34092 0.5755630078125
vt 0.34092 0.5755630078125
vt 0.376066015625 0.5717169921875
vt 0.3470769921875 0.660328984375
vt 0.3164919921875 0.6502930078125
vt 0.5910569921875 0.6305530078125
vt 0.657035 0.66162
vt 0.6273419921875 0.752356015625
vt 0.558575 0.7297630078124999
vt 0.6239280078125 0.5306969921875
vt 0.6871180078125 0.570238984375
vt 0.657035 0.66162
vt 0.5910569921875 0.6305530078125
vt 0.759673984375 0.7179380078125
vt 0.806285 0.750773984375
vt 0.788495 0.805316015625
vt 0.736686015625 0.7882869921875
vt 0.782446015625 0.6487730078125
vt 0.8250619921875 0.6937460156249999
vt 0.806285 0.750773984375
vt 0.759673984375 0.7179380078125
vt 0.806285 0.750773984375
vt 0.847221015625 0.7769219921875
vt 0.8332 0.8200119921875
vt 0.788495 0.805316015625
vt 0.8250619921875 0.6937460156249999
vt 0.861176015625 0.7345530078125
vt 0.847221015625 0.7769219921875
vt 0.806285 0.750773984375
vt 0.847221015625 0.7769219921875
vt 0.8844080078125 0.8044519921875
vt 0.874855 0.833708984375
vt 0.8332 0.8200119921875
vt 0.861176015625 0.7345530078125
vt 0.893603984375 0.776535
vt 0.8844080078125 0.8044519921875
vt 0.847221015625 0.7769219921875
vt 0.8844080078125 0.8044519921875
vt 0.9093769921875 0.8237630078125
vt 0.903065 0.842986015625
vt 0.874855 0.833708984375
vt 0.893603984375 0.776535
vt 0.914608984375 0.807876015625
vt 0.9093769921875 0.8237630078125
vt 0.8844080078125 0.8044519921875
vt 0.9093769921875 0.8237630078125
vt 0.927851015625 0.8363330078125
vt 0.930571015625 0.852026015625
vt 0.903065 0.842986015625
vt 0.9093769921875 0.8237630078125
vt 0.914608984375 0.807876015625
vt 0.927851015625 0.8363330078125
vt 0.2922 0.379051015625
vt 0.2946480078125 0.3784669921875
vt 0.294985 0.37930101562499996
vt 0.293241015625 0.38162800781249995
vt 0.293241015625 0.38162800781249995
vt 0.294985 0.37930101562499996
vt 0.295285 0.380163984375
vt 0.2941669921875 0.38429500000000005
vt 0.291488984375 0.377283984375
vt 0.2944180078125 0.37789601562499997
vt 0.2946480078125 0.3784669921875
vt 0.2922 0.379051015625
vt 0.291025 0.37566999999999995
vt 0.2942680078125 0.377373984375
vt 0.2944180078125 0.37789601562499997
vt 0.291488984375 0.377283984375
vt 0.294985 0.37930101562499996
vt 0.295111015625 0.3786730078125
vt 0.295171015625 0.378845
vt 0.295285 0.380163984375
vt 0.2942680078125 0.377373984375
vt 0.294968984375 0.3782919921875
vt 0.294998984375 0.37839500000000004
vt 0.2944180078125 0.37789601562499997
vt 0.2946480078125 0.3784669921875
vt 0.295045 0.37850800781250005
vt 0.295111015625 0.3786730078125
vt 0.294985 0.37930101562499996
vt 0.2944180078125 0.37789601562499997
vt 0.294998984375 0.37839500000000004
vt 0.295045 0.37850800781250005
vt 0.2946480078125 0.3784669921875
vt 0.294998984375 0.37839500000000004
vt 0.2950630078125 0.3785530078125
vt 0.295045 0.37850800781250005
vt 0.295111015625 0.3786730078125
vt 0.2950630078125 0.3785530078125
vt 0.2950680078125 0.37856601562500003
vt 0.295171015625 0.378845
vt 0.294968984375 0.3782919921875
vt 0.2950519921875 0.378523984375
vt 0.2950630078125 0.3785530078125
vt 0.294998984375 0.37839500000000004
vt 0.295045 0.37850800781250005
vt 0.2950630078125 0.3785530078125
vt 0.295111015625 0.3786730078125
vt 0.049878984375 0.562818984375
vt 0.0775519921875 0.57186
vt 0.068526015625 0.6090569921875
vt 0.04133 0.6003030078125
vt 0.068526015625 0.6090569921875
vt 0.0650380078125 0.6477380078125
vt 0.0395269921875 0.643705
vt 0.04133 0.6003030078125
vt 0.0650380078125 0.6477380078125
vt 0.0648880078125 0.69007
vt 0.0431069921875 0.6868919921875001
vt 0.0395269921875 0.643705
vt 0.0648880078125 0.69007
vt 0.0714430078125 0.73184
vt 0.05378 0.732973984375
vt 0.0431069921875 0.6868919921875001
vt 0.0714430078125 0.73184
vt 0.08285 0.770155
vt 0.070181015625 0.77456
vt 0.05378 0.732973984375
vt 0.08285 0.770155
vt 0.098485 0.804316015625
vt 0.08848 0.808028984375
vt 0.070181015625 0.77456
vt 0.098485 0.804316015625
vt 0.113223984375 0.8318080078125
vt 0.1071080078125 0.8343230078125
vt 0.08848 0.808028984375
vt 0.113223984375 0.8318080078125
vt 0.125156015625 0.848173984375
vt 0.1203280078125 0.849998984375
vt 0.1071080078125 0.8343230078125
vt 0.1344530078125 0.855465
vt 0.13312 0.8564969921875
vt 0.1203280078125 0.849998984375
vt 0.125156015625 0.848173984375
vt 0.1064730078125 0.581318984375
vt 0.096491015625 0.617771015625
vt 0.068526015625 0.6090569921875
vt 0.0775519921875 0.57186
vt 0.0903880078125 0.652168984375
vt 0.0650380078125 0.6477380078125
vt 0.068526015625 0.6090569921875
vt 0.096491015625 0.617771015625
vt 0.088073984375 0.6934260156250001
vt 0.0648880078125 0.69007
vt 0.0650380078125 0.6477380078125
vt 0.0903880078125 0.652168984375
vt 0.09016 0.7300919921875
vt 0.0714430078125 0.73184
vt 0.0648880078125 0.69007
vt 0.088073984375 0.6934260156250001
vt 0.097173984375 0.765993984375
vt 0.08285 0.770155
vt 0.0714430078125 0.73184
vt 0.09016 0.7300919921875
vt 0.1085830078125 0.801333984375
vt 0.098485 0.804316015625
vt 0.08285 0.770155
vt 0.097173984375 0.765993984375
vt 0.120378984375 0.827211015625
vt 0.113223984375 0.8318080078125
vt 0.098485 0.804316015625
vt 0.1085830078125 0.801333984375
vt 0.130353984375 0.8455469921875001
vt 0.125156015625 0.848173984375
vt 0.113223984375 0.8318080078125
vt 0.120378984375 0.827211015625
vt 0.136073984375 0.85446
vt 0.1344530078125 0.855465
vt 0.125156015625 0.848173984375
vt 0.130353984375 0.8455469921875001
vt 0.096491015625 0.617771015625
vt 0.1064730078125 0.581318984375
vt 0.137076015625 0.5913869921875
vt 0.124981015625 0.6295380078125
vt 0.0903880078125 0.652168984375
vt 0.096491015625 0.617771015625
vt 0.124981015625 0.6295380078125
vt 0.118748984375 0.6580430078125
vt 0.088073984375 0.6934260156250001
vt 0.0903880078125 0.652168984375
vt 0.118748984375 0.6580430078125
vt 0.1153680078125 0.6946380078125001
vt 0.09016 0.7300919921875
vt 0.088073984375 0.6934260156250001
vt 0.1153680078125 0.6946380078125001
vt 0.112786015625 0.728295
vt 0.097173984375 0.765993984375
vt 0.09016 0.7300919921875
vt 0.112786015625 0.728295
vt 0.1151419921875 0.760668984375
vt 0.1085830078125 0.801333984375
vt 0.097173984375 0.765993984375
vt 0.1151419921875 0.760668984375
vt 0.122403984375 0.796
vt 0.120378984375 0.827211015625
vt 0.1085830078125 0.801333984375
vt 0.122403984375 0.796
vt 0.130138984375 0.822056015625
vt 0.130353984375 0.8455469921875001
vt 0.120378984375 0.827211015625
vt 0.130138984375 0.822056015625
vt 0.1363519921875 0.8418180078124999
vt 0.13844 0.853005
vt 0.136073984375 0.85446
vt 0.130353984375 0.8455469921875001
vt 0.1363519921875 0.8418180078124999
vt 0.124981015625 0.6295380078125
vt 0.137076015625 0.5913869921875
vt 0.1650769921875 0.60059
vt 0.151081015625 0.641958984375
vt 0.151081015625 0.641958984375
vt 0.1650769921875 0.60059
vt 0.185303984375 0.6072319921875
vt 0.1728280078125 0.64527
vt 0.1728280078125 0.64527
vt 0.185303984375 0.6072319921875
vt 0.2070769921875 0.6143799999999999
vt 0.195281015625 0.650376015625
vt 0.195281015625 0.650376015625
vt 0.2070769921875 0.6143799999999999
vt 0.228961015625 0.621563984375
vt 0.2166169921875 0.6587980078125
vt 0.195281015625 0.650376015625
vt 0.2166169921875 0.6587980078125
vt 0.204335 0.696333984375
vt 0.183373984375 0.6863330078125001
vt 0.1728280078125 0.64527
vt 0.1603219921875 0.6835169921875
vt 0.151081015625 0.641958984375
vt 0.1728280078125 0.64527
vt 0.195281015625 0.650376015625
vt 0.183373984375 0.6863330078125001
vt 0.1603219921875 0.6835169921875
vt 0.124981015625 0.6295380078125
vt 0.151081015625 0.641958984375
vt 0.132003984375 0.6483519921875001
vt 0.118748984375 0.6580430078125
vt 0.124981015625 0.6295380078125
vt 0.132003984375 0.6483519921875001
vt 0.151081015625 0.641958984375
vt 0.1603219921875 0.6835169921875
vt 0.1517980078125 0.6885830078124999
vt 0.132003984375 0.6483519921875001
vt 0.1517980078125 0.6885830078124999
vt 0.143965 0.695861015625
vt 0.118748984375 0.6580430078125
vt 0.132003984375 0.6483519921875001
vt 0.118748984375 0.6580430078125
vt 0.143965 0.695861015625
vt 0.1153680078125 0.6946380078125001
vt 0.131251015625 0.7258869921875
vt 0.112786015625 0.728295
vt 0.1153680078125 0.6946380078125001
vt 0.143965 0.695861015625
vt 0.127238984375 0.7570919921875
vt 0.1151419921875 0.760668984375
vt 0.112786015625 0.728295
vt 0.131251015625 0.7258869921875
vt 0.130056015625 0.7926469921875
vt 0.122403984375 0.796
vt 0.1151419921875 0.760668984375
vt 0.127238984375 0.7570919921875
vt 0.1354769921875 0.818076015625
vt 0.130138984375 0.822056015625
vt 0.122403984375 0.796
vt 0.130056015625 0.7926469921875
vt 0.141061015625 0.838535
vt 0.1363519921875 0.8418180078124999
vt 0.130138984375 0.822056015625
vt 0.1354769921875 0.818076015625
vt 0.140765 0.8514139843749999
vt 0.13844 0.853005
vt 0.1363519921875 0.8418180078124999
vt 0.141061015625 0.838535
vt 0.4254680078125 0.916063984375
vt 0.459613984375 0.811843984375
vt 0.525891015625 0.8289869921874999
vt 0.493118984375 0.9290180078125
vt 0.459613984375 0.811843984375
vt 0.4936680078125 0.708445
vt 0.558575 0.7297630078124999
vt 0.525891015625 0.8289869921874999
vt 0.31787 0.7489269921874999
vt 0.3470769921875 0.660328984375
vt 0.39057 0.6746
vt 0.3576419921875 0.77455
vt 0.2885519921875 0.8384019921875
vt 0.31787 0.7489269921874999
vt 0.3576419921875 0.77455
vt 0.3247080078125 0.87506
vt 0.3576419921875 0.77455
vt 0.39057 0.6746
vt 0.435833984375 0.689456015625
vt 0.401693984375 0.7931080078125
vt 0.3247080078125 0.87506
vt 0.3576419921875 0.77455
vt 0.401693984375 0.7931080078125
vt 0.3676019921875 0.8971569921875
vt 0.401693984375 0.7931080078125
vt 0.435833984375 0.689456015625
vt 0.4936680078125 0.708445
vt 0.459613984375 0.811843984375
vt 0.3676019921875 0.8971569921875
vt 0.401693984375 0.7931080078125
vt 0.459613984375 0.811843984375
vt 0.4254680078125 0.916063984375
vt 0.204335 0.696333984375
vt 0.2166169921875 0.6587980078125
vt 0.238701015625 0.6732880078125
vt 0.2245130078125 0.716633984375
vt 0.2166169921875 0.6587980078125
vt 0.228961015625 0.621563984375
vt 0.25319 0.6295169921875
vt 0.238701015625 0.6732880078125
vt 0.2245130078125 0.716633984375
vt 0.238701015625 0.6732880078125
vt 0.2670980078125 0.7002339843750001
vt 0.2474219921875 0.7603080078125
vt 0.238701015625 0.6732880078125
vt 0.25319 0.6295169921875
vt 0.286811015625 0.6405530078125
vt 0.2670980078125 0.7002339843750001
vt 0.2474219921875 0.7603080078125
vt 0.2670980078125 0.7002339843750001
vt 0.291843984375 0.725005
vt 0.2671580078125 0.800353984375
vt 0.2670980078125 0.7002339843750001
vt 0.286811015625 0.6405530078125
vt 0.3164919921875 0.6502930078125
vt 0.291843984375 0.725005
vt 0.2671580078125 0.800353984375
vt 0.291843984375 0.725005
vt 0.31787 0.7489269921874999
vt 0.2885519921875 0.8384019921875
vt 0.291843984375 0.725005
vt 0.3164919921875 0.6502930078125
vt 0.3470769921875 0.660328984375
vt 0.31787 0.7489269921874999
vt 0.525891015625 0.8289869921874999
vt 0.558575 0.7297630078124999
vt 0.6273419921875 0.752356015625
vt 0.597438984375 0.843093984375
vt 0.493118984375 0.9290180078125
vt 0.525891015625 0.8289869921874999
vt 0.597438984375 0.843093984375
vt 0.567448984375 0.9346369921875
vt 0.713475 0.8586130078125
vt 0.736686015625 0.7882869921875
vt 0.788495 0.805316015625
vt 0.770473984375 0.85982
vt 0.6907769921875 0.92791
vt 0.713475 0.8586130078125
vt 0.770473984375 0.85982
vt 0.751758984375 0.9169580078125
vt 0.770473984375 0.85982
vt 0.788495 0.805316015625
vt 0.8332 0.8200119921875
vt 0.8189369921875 0.8630480078125
vt 0.751758984375 0.9169580078125
vt 0.770473984375 0.85982
vt 0.8189369921875 0.8630480078125
vt 0.805033984375 0.9055069921875
vt 0.8189369921875 0.8630480078125
vt 0.8332 0.8200119921875
vt 0.874855 0.833708984375
vt 0.8651980078125 0.862948984375
vt 0.805033984375 0.9055069921875
vt 0.8189369921875 0.8630480078125
vt 0.8651980078125 0.862948984375
vt 0.856035 0.8909219921875
vt 0.8651980078125 0.862948984375
vt 0.874855 0.833708984375
vt 0.903065 0.842986015625
vt 0.896748984375 0.862216015625
vt 0.856035 0.8909219921875
vt 0.8651980078125 0.862948984375
vt 0.896748984375 0.862216015625
vt 0.8915330078125 0.8781319921875
vt 0.896748984375 0.862216015625
vt 0.903065 0.842986015625
vt 0.930571015625 0.852026015625
vt 0.919075 0.863056015625
vt 0.896748984375 0.862216015625
vt 0.919075 0.863056015625
vt 0.8915330078125 0.8781319921875
vt 0.136073984375 0.85446
vt 0.13844 0.853005
vt 0.1384630078125 0.8559169921875001
vt 0.1376980078125 0.8563880078125
vt 0.13844 0.853005
vt 0.140765 0.8514139843749999
vt 0.139215 0.8554030078125
vt 0.1384630078125 0.8559169921875001
vt 0.1344530078125 0.855465
vt 0.136073984375 0.85446
vt 0.1376980078125 0.8563880078125
vt 0.137173984375 0.8567130078125
vt 0.13312 0.8564969921875
vt 0.1344530078125 0.855465
vt 0.137173984375 0.8567130078125
vt 0.1367430078125 0.8570469921875
vt 0.1384630078125 0.8559169921875001
vt 0.139215 0.8554030078125
vt 0.1383419921875 0.8563980078125
vt 0.1381919921875 0.8564989843749999
vt 0.1367430078125 0.8570469921875
vt 0.137173984375 0.8567130078125
vt 0.1379369921875 0.8566569921875
vt 0.137851015625 0.856723984375
vt 0.1376980078125 0.8563880078125
vt 0.1384630078125 0.8559169921875001
vt 0.1381919921875 0.8564989843749999
vt 0.13804 0.8565930078125
vt 0.137173984375 0.8567130078125
vt 0.1376980078125 0.8563880078125
vt 0.13804 0.8565930078125
vt 0.1379369921875 0.8566569921875
vt 0.1379369921875 0.8566569921875
vt 0.13804 0.8565930078125
vt 0.1380619921875 0.856581015625
vt 0.1381919921875 0.8564989843749999
vt 0.1383419921875 0.8563980078125
vt 0.1380930078125 0.8565619921875001
vt 0.1380619921875 0.856581015625
vt 0.137851015625 0.856723984375
vt 0.1379369921875 0.8566569921875
vt 0.1380619921875 0.856581015625
vt 0.138056015625 0.856586015625
vt 0.13804 0.8565930078125
vt 0.1381919921875 0.8564989843749999
vt 0.1380619921875 0.856581015625
vt 0.049878984375 0.562818984375
vt 0.0776169921875 0.571975
vt 0.0924 0.536668984375
vt 0.0652169921875 0.5275650000000001
vt 0.0924 0.536668984375
vt 0.11252 0.5034489843750001
vt 0.0894969921875 0.491543984375
vt 0.0652169921875 0.5275650000000001
vt 0.11252 0.5034489843750001
vt 0.1374880078125 0.4692680078125
vt 0.117983984375 0.45888800781250005
vt 0.0894969921875 0.491543984375
vt 0.1374880078125 0.4692680078125
vt 0.167521015625 0.4395130078125
vt 0.153898984375 0.42810499999999996
vt 0.117983984375 0.45888800781250005
vt 0.167521015625 0.4395130078125
vt 0.1994069921875 0.41541601562499997
vt 0.1917619921875 0.40434000000000003
vt 0.153898984375 0.42810499999999996
vt 0.1994069921875 0.41541601562499997
vt 0.232238984375 0.397171015625
vt 0.226341015625 0.388236015625
vt 0.1917619921875 0.40434000000000003
vt 0.232238984375 0.397171015625
vt 0.260393984375 0.383766015625
vt 0.256931015625 0.378105
vt 0.226341015625 0.388236015625
vt 0.260393984375 0.383766015625
vt 0.279693984375 0.37765601562499995
vt 0.276871015625 0.373318984375
vt 0.256931015625 0.378105
vt 0.291495 0.37729398437499995
vt 0.291025 0.37566999999999995
vt 0.276871015625 0.373318984375
vt 0.279693984375 0.37765601562499995
vt 0.1065919921875 0.581528984375
vt 0.1201569921875 0.5462530078125001
vt 0.0924 0.536668984375
vt 0.0776169921875 0.571975
vt 0.1356230078125 0.51493
vt 0.11252 0.5034489843750001
vt 0.0924 0.536668984375
vt 0.1201569921875 0.5462530078125001
vt 0.158201015625 0.48032800781249996
vt 0.1374880078125 0.4692680078125
vt 0.11252 0.5034489843750001
vt 0.1356230078125 0.51493
vt 0.181598984375 0.4520319921875
vt 0.167521015625 0.4395130078125
vt 0.1374880078125 0.4692680078125
vt 0.158201015625 0.48032800781249996
vt 0.2085130078125 0.42727000000000004
vt 0.1994069921875 0.41541601562499997
vt 0.167521015625 0.4395130078125
vt 0.181598984375 0.4520319921875
vt 0.2386280078125 0.4055680078125
vt 0.232238984375 0.397171015625
vt 0.1994069921875 0.41541601562499997
vt 0.2085130078125 0.42727000000000004
vt 0.2634480078125 0.391716015625
vt 0.260393984375 0.383766015625
vt 0.232238984375 0.397171015625
vt 0.2386280078125 0.4055680078125
vt 0.282333984375 0.3828580078125
vt 0.279693984375 0.37765601562499995
vt 0.260393984375 0.383766015625
vt 0.2634480078125 0.391716015625
vt 0.2922080078125 0.379066015625
vt 0.291495 0.37729398437499995
vt 0.279693984375 0.37765601562499995
vt 0.282333984375 0.3828580078125
vt 0.1201569921875 0.5462530078125001
vt 0.1065919921875 0.581528984375
vt 0.137168984375 0.5915530078125
vt 0.150028984375 0.5536530078124999
vt 0.1356230078125 0.51493
vt 0.1201569921875 0.5462530078125001
vt 0.150028984375 0.5536530078124999
vt 0.161891015625 0.5269969921875
vt 0.158201015625 0.48032800781249996
vt 0.1356230078125 0.51493
vt 0.161891015625 0.5269969921875
vt 0.1808480078125 0.4955169921875
vt 0.181598984375 0.4520319921875
vt 0.158201015625 0.48032800781249996
vt 0.1808480078125 0.4955169921875
vt 0.19871 0.4668780078125
vt 0.2085130078125 0.42727000000000004
vt 0.181598984375 0.4520319921875
vt 0.19871 0.4668780078125
vt 0.2197869921875 0.44219898437500005
vt 0.2386280078125 0.4055680078125
vt 0.2085130078125 0.42727000000000004
vt 0.2197869921875 0.44219898437500005
vt 0.246568984375 0.41804800781249996
vt 0.2634480078125 0.391716015625
vt 0.2386280078125 0.4055680078125
vt 0.246568984375 0.41804800781249996
vt 0.268235 0.4016480078125
vt 0.282333984375 0.3828580078125
vt 0.2634480078125 0.391716015625
vt 0.268235 0.4016480078125
vt 0.2849430078125 0.3894130078125
vt 0.2932469921875 0.381638984375
vt 0.2922080078125 0.379066015625
vt 0.282333984375 0.3828580078125
vt 0.2849430078125 0.3894130078125
vt 0.150028984375 0.5536530078124999
vt 0.137168984375 0.5915530078125
vt 0.16516 0.6007369921875
vt 0.17838 0.5591139843749999
vt 0.17838 0.5591139843749999
vt 0.16516 0.6007369921875
vt 0.1853880078125 0.607381015625
vt 0.197848984375 0.5693380078125
vt 0.197848984375 0.5693380078125
vt 0.1853880078125 0.607381015625
vt 0.207163984375 0.614535
vt 0.218958984375 0.5785380078125
vt 0.218958984375 0.5785380078125
vt 0.207163984375 0.614535
vt 0.229051015625 0.621723984375
vt 0.2411369921875 0.5844060156249999
vt 0.218958984375 0.5785380078125
vt 0.2411369921875 0.5844060156249999
vt 0.253418984375 0.54687
vt 0.23061 0.5424969921875
vt 0.197848984375 0.5693380078125
vt 0.2103769921875 0.5310980078125
vt 0.17838 0.5591139843749999
vt 0.197848984375 0.5693380078125
vt 0.218958984375 0.5785380078125
vt 0.23061 0.5424969921875
vt 0.2103769921875 0.5310980078125
vt 0.150028984375 0.5536530078124999
vt 0.17838 0.5591139843749999
vt 0.1668069921875 0.542655
vt 0.161891015625 0.5269969921875
vt 0.150028984375 0.5536530078124999
vt 0.1668069921875 0.542655
vt 0.17838 0.5591139843749999
vt 0.2103769921875 0.5310980078125
vt 0.206516015625 0.521963984375
vt 0.1668069921875 0.542655
vt 0.206516015625 0.521963984375
vt 0.2045230078125 0.51146
vt 0.161891015625 0.5269969921875
vt 0.1668069921875 0.542655
vt 0.161891015625 0.5269969921875
vt 0.2045230078125 0.51146
vt 0.1808480078125 0.4955169921875
vt 0.212085 0.4797419921875
vt 0.19871 0.4668780078125
vt 0.1808480078125 0.4955169921875
vt 0.2045230078125 0.51146
vt 0.227355 0.45223398437499995
vt 0.2197869921875 0.44219898437500005
vt 0.19871 0.4668780078125
vt 0.212085 0.4797419921875
vt 0.2507030078125 0.4252719921875
vt 0.246568984375 0.41804800781249996
vt 0.2197869921875 0.44219898437500005
vt 0.227355 0.45223398437499995
vt 0.270145 0.4080080078125
vt 0.268235 0.4016480078125
vt 0.246568984375 0.41804800781249996
vt 0.2507030078125 0.4252719921875
vt 0.286771015625 0.39484300781250004
vt 0.2849430078125 0.3894130078125
vt 0.268235 0.4016480078125
vt 0.270145 0.4080080078125
vt 0.2941669921875 0.38429500000000005
vt 0.2932469921875 0.381638984375
vt 0.2849430078125 0.3894130078125
vt 0.286771015625 0.39484300781250004
vt 0.5617680078125 0.5010219921875
vt 0.5276219921875 0.605241015625
vt 0.591156015625 0.6307280078124999
vt 0.6239280078125 0.5306969921875
vt 0.5276219921875 0.605241015625
vt 0.4938269921875 0.7087260156249999
vt 0.558728984375 0.7300369921875001
vt 0.591156015625 0.6307280078124999
vt 0.37615 0.571866015625
vt 0.347201015625 0.660548984375
vt 0.390711015625 0.67485
vt 0.423381015625 0.5748150000000001
vt 0.4054669921875 0.48239199218749995
vt 0.37615 0.571866015625
vt 0.423381015625 0.5748150000000001
vt 0.456316015625 0.47430601562499997
vt 0.423381015625 0.5748150000000001
vt 0.390711015625 0.67485
vt 0.435985 0.689726015625
vt 0.4698669921875 0.58599
vt 0.456316015625 0.47430601562499997
vt 0.423381015625 0.5748150000000001
vt 0.4698669921875 0.58599
vt 0.503958984375 0.481941015625
vt 0.4698669921875 0.58599
vt 0.435985 0.689726015625
vt 0.4938269921875 0.7087260156249999
vt 0.5276219921875 0.605241015625
vt 0.503958984375 0.481941015625
vt 0.4698669921875 0.58599
vt 0.5276219921875 0.605241015625
vt 0.5617680078125 0.5010219921875
vt 0.253418984375 0.54687
vt 0.2411369921875 0.5844060156249999
vt 0.2675169921875 0.5858319921874999
vt 0.281705 0.542485
vt 0.2411369921875 0.5844060156249999
vt 0.229051015625 0.621723984375
vt 0.253286015625 0.6296869921875
vt 0.2675169921875 0.5858319921874999
vt 0.281705 0.542485
vt 0.2675169921875 0.5858319921874999
vt 0.306368984375 0.58097
vt 0.326045 0.520896015625
vt 0.2675169921875 0.5858319921874999
vt 0.253286015625 0.6296869921875
vt 0.2869130078125 0.640735
vt 0.306368984375 0.58097
vt 0.326045 0.520896015625
vt 0.306368984375 0.58097
vt 0.340996015625 0.5756969921874999
vt 0.365681015625 0.5003480078125
vt 0.306368984375 0.58097
vt 0.2869130078125 0.640735
vt 0.316605 0.6504930078125
vt 0.340996015625 0.5756969921874999
vt 0.365681015625 0.5003480078125
vt 0.340996015625 0.5756969921874999
vt 0.37615 0.571866015625
vt 0.4054669921875 0.48239199218749995
vt 0.340996015625 0.5756969921874999
vt 0.316605 0.6504930078125
vt 0.347201015625 0.660548984375
vt 0.37615 0.571866015625
vt 0.6239280078125 0.5306969921875
vt 0.591156015625 0.6307280078124999
vt 0.6571269921875 0.6617830078125
vt 0.6871180078125 0.570238984375
vt 0.7597480078125 0.71807
vt 0.736795 0.788481015625
vt 0.788583984375 0.8054739843750001
vt 0.8063469921875 0.750885
vt 0.782446015625 0.6487730078125
vt 0.7597480078125 0.71807
vt 0.8063469921875 0.750885
vt 0.8250619921875 0.6937460156249999
vt 0.8063469921875 0.750885
vt 0.788583984375 0.8054739843750001
vt 0.8332680078125 0.8201319921875
vt 0.8472719921875 0.7770119921875001
vt 0.8250619921875 0.6937460156249999
vt 0.8063469921875 0.750885
vt 0.8472719921875 0.7770119921875001
vt 0.861176015625 0.7345530078125
vt 0.8472719921875 0.7770119921875001
vt 0.8332680078125 0.8201319921875
vt 0.874898984375 0.8337869921875
vt 0.88444 0.804508984375
vt 0.861176015625 0.7345530078125
vt 0.8472719921875 0.7770119921875001
vt 0.88444 0.804508984375
vt 0.893603984375 0.776535
vt 0.88444 0.804508984375
vt 0.874898984375 0.8337869921875
vt 0.9030880078125 0.8430269921875
vt 0.9093930078125 0.8237919921875
vt 0.893603984375 0.776535
vt 0.88444 0.804508984375
vt 0.9093930078125 0.8237919921875
vt 0.914608984375 0.807876015625
vt 0.9093930078125 0.8237919921875
vt 0.9030880078125 0.8430269921875
vt 0.930571015625 0.852026015625
vt 0.927851015625 0.8363330078125
vt 0.9093930078125 0.8237919921875
vt 0.927851015625 0.8363330078125
vt 0.914608984375 0.807876015625
vt 0.2922080078125 0.379066015625
vt 0.2932469921875 0.381638984375
vt 0.2949869921875 0.379306015625
vt 0.294651015625 0.37847300781250004
vt 0.2932469921875 0.381638984375
vt 0.2941669921875 0.38429500000000005
vt 0.295285 0.380163984375
vt 0.2949869921875 0.379306015625
vt 0.291495 0.37729398437499995
vt 0.2922080078125 0.379066015625
vt 0.294651015625 0.37847300781250004
vt 0.294421015625 0.3779
vt 0.291025 0.37566999999999995
vt 0.291495 0.37729398437499995
vt 0.294421015625 0.3779
vt 0.2942680078125 0.377373984375
vt 0.2949869921875 0.379306015625
vt 0.295285 0.380163984375
vt 0.295171015625 0.378845
vt 0.2951119921875 0.378675
vt 0.2942680078125 0.377373984375
vt 0.294421015625 0.3779
vt 0.295 0.3783969921875
vt 0.294968984375 0.3782919921875
vt 0.294651015625 0.37847300781250004
vt 0.2949869921875 0.379306015625
vt 0.2951119921875 0.378675
vt 0.295046015625 0.37851
vt 0.294421015625 0.3779
vt 0.294651015625 0.37847300781250004
vt 0.295046015625 0.37851
vt 0.295 0.3783969921875
vt 0.295 0.3783969921875
vt 0.295046015625 0.37851
vt 0.2950580078125 0.378541015625
vt 0.2951119921875 0.378675
vt 0.295171015625 0.378845
vt 0.2950680078125 0.37856601562500003
vt 0.2950580078125 0.378541015625
vt 0.294968984375 0.3782919921875
vt 0.295 0.3783969921875
vt 0.2950580078125 0.378541015625
vt 0.2950519921875 0.378523984375
vt 0.295046015625 0.37851
vt 0.2951119921875 0.378675
vt 0.2950580078125 0.378541015625
vt 0.049878984375 0.562818984375
vt 0.04133 0.6003030078125
vt 0.068591015625 0.609171015625
vt 0.0776169921875 0.571975
vt 0.068591015625 0.609171015625
vt 0.04133 0.6003030078125
vt 0.0395269921875 0.643705
vt 0.065098984375 0.6478480078125
vt 0.065098984375 0.6478480078125
vt 0.0395269921875 0.643705
vt 0.0431069921875 0.6868919921875001
vt 0.064943984375 0.6901689843750001
vt 0.064943984375 0.6901689843750001
vt 0.0431069921875 0.6868919921875001
vt 0.05378 0.732973984375
vt 0.0714919921875 0.7319269921875
vt 0.0714919921875 0.7319269921875
vt 0.05378 0.732973984375
vt 0.070181015625 0.77456
vt 0.0828880078125 0.7702230078125
vt 0.0828880078125 0.7702230078125
vt 0.070181015625 0.77456
vt 0.08848 0.808028984375
vt 0.098513984375 0.8043680078125
vt 0.098513984375 0.8043680078125
vt 0.08848 0.808028984375
vt 0.1071080078125 0.8343230078125
vt 0.113245 0.8318439843750001
vt 0.113245 0.8318439843750001
vt 0.1071080078125 0.8343230078125
vt 0.1203280078125 0.849998984375
vt 0.1251680078125 0.848195
vt 0.134458984375 0.855475
vt 0.1251680078125 0.848195
vt 0.1203280078125 0.849998984375
vt 0.13312 0.8564969921875
vt 0.1065919921875 0.581528984375
vt 0.0776169921875 0.571975
vt 0.068591015625 0.609171015625
vt 0.096603984375 0.6179719921875
vt 0.0904930078125 0.652355
vt 0.096603984375 0.6179719921875
vt 0.068591015625 0.609171015625
vt 0.065098984375 0.6478480078125
vt 0.088166015625 0.693588984375
vt 0.0904930078125 0.652355
vt 0.065098984375 0.6478480078125
vt 0.064943984375 0.6901689843750001
vt 0.0902380078125 0.7302299999999999
vt 0.088166015625 0.693588984375
vt 0.064943984375 0.6901689843750001
vt 0.0714919921875 0.7319269921875
vt 0.0972380078125 0.7661080078125
vt 0.0902380078125 0.7302299999999999
vt 0.0714919921875 0.7319269921875
vt 0.0828880078125 0.7702230078125
vt 0.10863 0.8014169921875001
vt 0.0972380078125 0.7661080078125
vt 0.0828880078125 0.7702230078125
vt 0.098513984375 0.8043680078125
vt 0.120411015625 0.8272680078125
vt 0.10863 0.8014169921875001
vt 0.098513984375 0.8043680078125
vt 0.113245 0.8318439843750001
vt 0.130373984375 0.8455830078125
vt 0.120411015625 0.8272680078125
vt 0.113245 0.8318439843750001
vt 0.1251680078125 0.848195
vt 0.1360830078125 0.854475
vt 0.130373984375 0.8455830078125
vt 0.1251680078125 0.848195
vt 0.134458984375 0.855475
vt 0.096603984375 0.6179719921875
vt 0.1250619921875 0.62968
vt 0.137168984375 0.5915530078125
vt 0.1065919921875 0.581528984375
vt 0.0904930078125 0.652355
vt 0.118816015625 0.6581619921874999
vt 0.1250619921875 0.62968
vt 0.096603984375 0.6179719921875
vt 0.088166015625 0.693588984375
vt 0.115423984375 0.6947369921875
vt 0.118816015625 0.6581619921874999
vt 0.0904930078125 0.652355
vt 0.0902380078125 0.7302299999999999
vt 0.1128330078125 0.7283780078125
vt 0.115423984375 0.6947369921875
vt 0.088166015625 0.693588984375
vt 0.0972380078125 0.7661080078125
vt 0.115178984375 0.7607339843750001
vt 0.1128330078125 0.7283780078125
vt 0.0902380078125 0.7302299999999999
vt 0.10863 0.8014169921875001
vt 0.1224319921875 0.79605
vt 0.115178984375 0.7607339843750001
vt 0.0972380078125 0.7661080078125
vt 0.120411015625 0.8272680078125
vt 0.13016 0.8220930078124999
vt 0.1224319921875 0.79605
vt 0.10863 0.8014169921875001
vt 0.130373984375 0.8455830078125
vt 0.136365 0.841841015625
vt 0.13016 0.8220930078124999
vt 0.120411015625 0.8272680078125
vt 0.138446015625 0.853016015625
vt 0.136365 0.841841015625
vt 0.130373984375 0.8455830078125
vt 0.1360830078125 0.854475
vt 0.1250619921875 0.62968
vt 0.151138984375 0.6420630078125
vt 0.16516 0.6007369921875
vt 0.137168984375 0.5915530078125
vt 0.151138984375 0.6420630078125
vt 0.172881015625 0.645365
vt 0.1853880078125 0.607381015625
vt 0.16516 0.6007369921875
vt 0.172881015625 0.645365
vt 0.195335 0.6504719921875
vt 0.207163984375 0.614535
vt 0.1853880078125 0.607381015625
vt 0.195335 0.6504719921875
vt 0.216673984375 0.6588980078125
vt 0.229051015625 0.621723984375
vt 0.207163984375 0.614535
vt 0.195335 0.6504719921875
vt 0.183373984375 0.6863330078125001
vt 0.204335 0.696333984375
vt 0.216673984375 0.6588980078125
vt 0.172881015625 0.645365
vt 0.151138984375 0.6420630078125
vt 0.1603219921875 0.6835169921875
vt 0.172881015625 0.645365
vt 0.1603219921875 0.6835169921875
vt 0.183373984375 0.6863330078125001
vt 0.195335 0.6504719921875
vt 0.1250619921875 0.62968
vt 0.1320619921875 0.648455
vt 0.151138984375 0.6420630078125
vt 0.118816015625 0.6581619921874999
vt 0.1320619921875 0.648455
vt 0.1250619921875 0.62968
vt 0.151138984375 0.6420630078125
vt 0.1320619921875 0.648455
vt 0.1517980078125 0.6885830078124999
vt 0.1603219921875 0.6835169921875
vt 0.1517980078125 0.6885830078124999
vt 0.1320619921875 0.648455
vt 0.118816015625 0.6581619921874999
vt 0.143965 0.695861015625
vt 0.118816015625 0.6581619921874999
vt 0.115423984375 0.6947369921875
vt 0.143965 0.695861015625
vt 0.131251015625 0.7258869921875
vt 0.143965 0.695861015625
vt 0.115423984375 0.6947369921875
vt 0.1128330078125 0.7283780078125
vt 0.127238984375 0.7570919921875
vt 0.131251015625 0.7258869921875
vt 0.1128330078125 0.7283780078125
vt 0.115178984375 0.7607339843750001
vt 0.130056015625 0.7926469921875
vt 0.127238984375 0.7570919921875
vt 0.115178984375 0.7607339843750001
vt 0.1224319921875 0.79605
vt 0.1354769921875 0.818076015625
vt 0.130056015625 0.7926469921875
vt 0.1224319921875 0.79605
vt 0.13016 0.8220930078124999
vt 0.141061015625 0.838535
vt 0.1354769921875 0.818076015625
vt 0.13016 0.8220930078124999
vt 0.136365 0.841841015625
vt 0.140765 0.8514139843749999
vt 0.141061015625 0.838535
vt 0.136365 0.841841015625
vt 0.138446015625 0.853016015625
vt 0.4254680078125 0.916063984375
vt 0.493118984375 0.9290180078125
vt 0.525988984375 0.8291619921875
vt 0.459715 0.8120230078125
vt 0.459715 0.8120230078125
vt 0.525988984375 0.8291619921875
vt 0.558728984375 0.7300369921875001
vt 0.4938269921875 0.7087260156249999
vt 0.3179530078125 0.749076015625
vt 0.357733984375 0.7747139843749999
vt 0.390711015625 0.67485
vt 0.347201015625 0.660548984375
vt 0.2885519921875 0.8384019921875
vt 0.3247080078125 0.87506
vt 0.357733984375 0.7747139843749999
vt 0.3179530078125 0.749076015625
vt 0.357733984375 0.7747139843749999
vt 0.4017919921875 0.793281015625
vt 0.435985 0.689726015625
vt 0.390711015625 0.67485
vt 0.3247080078125 0.87506
vt 0.3676019921875 0.8971569921875
vt 0.4017919921875 0.793281015625
vt 0.357733984375 0.7747139843749999
vt 0.4017919921875 0.793281015625
vt 0.459715 0.8120230078125
vt 0.4938269921875 0.7087260156249999
vt 0.435985 0.689726015625
vt 0.3676019921875 0.8971569921875
vt 0.4254680078125 0.916063984375
vt 0.459715 0.8120230078125
vt 0.4017919921875 0.793281015625
vt 0.204335 0.696333984375
vt 0.2245130078125 0.716633984375
vt 0.238761015625 0.673393984375
vt 0.216673984375 0.6588980078125
vt 0.216673984375 0.6588980078125
vt 0.238761015625 0.673393984375
vt 0.253286015625 0.6296869921875
vt 0.229051015625 0.621723984375
vt 0.2245130078125 0.716633984375
vt 0.2474219921875 0.7603080078125
vt 0.267163984375 0.700351015625
vt 0.238761015625 0.673393984375
vt 0.238761015625 0.673393984375
vt 0.267163984375 0.700351015625
vt 0.2869130078125 0.640735
vt 0.253286015625 0.6296869921875
vt 0.2474219921875 0.7603080078125
vt 0.2671580078125 0.800353984375
vt 0.2919180078125 0.7251380078125
vt 0.267163984375 0.700351015625
vt 0.267163984375 0.700351015625
vt 0.2919180078125 0.7251380078125
vt 0.316605 0.6504930078125
vt 0.2869130078125 0.640735
vt 0.2671580078125 0.800353984375
vt 0.2885519921875 0.8384019921875
vt 0.3179530078125 0.749076015625
vt 0.2919180078125 0.7251380078125
vt 0.2919180078125 0.7251380078125
vt 0.3179530078125 0.749076015625
vt 0.347201015625 0.660548984375
vt 0.316605 0.6504930078125
vt 0.525988984375 0.8291619921875
vt 0.597531015625 0.8432569921874999
vt 0.6274819921875 0.752605
vt 0.558728984375 0.7300369921875001
vt 0.493118984375 0.9290180078125
vt 0.567448984375 0.9346369921875
vt 0.597531015625 0.8432569921874999
vt 0.525988984375 0.8291619921875
vt 0.71355 0.858746015625
vt 0.7705369921875 0.859931015625
vt 0.788583984375 0.8054739843750001
vt 0.736795 0.788481015625
vt 0.6907769921875 0.92791
vt 0.751758984375 0.9169580078125
vt 0.7705369921875 0.859931015625
vt 0.71355 0.858746015625
vt 0.7705369921875 0.859931015625
vt 0.8189880078125 0.863138984375
vt 0.8332680078125 0.8201319921875
vt 0.788583984375 0.8054739843750001
vt 0.751758984375 0.9169580078125
vt 0.805033984375 0.9055069921875
vt 0.8189880078125 0.863138984375
vt 0.7705369921875 0.859931015625
vt 0.8189880078125 0.863138984375
vt 0.86523 0.863006015625
vt 0.874898984375 0.8337869921875
vt 0.8332680078125 0.8201319921875
vt 0.805033984375 0.9055069921875
vt 0.856035 0.8909219921875
vt 0.86523 0.863006015625
vt 0.8189880078125 0.863138984375
vt 0.86523 0.863006015625
vt 0.896765 0.862245
vt 0.9030880078125 0.8430269921875
vt 0.874898984375 0.8337869921875
vt 0.856035 0.8909219921875
vt 0.8915330078125 0.8781319921875
vt 0.896765 0.862245
vt 0.86523 0.863006015625
vt 0.896765 0.862245
vt 0.919075 0.863056015625
vt 0.930571015625 0.852026015625
vt 0.9030880078125 0.8430269921875
vt 0.896765 0.862245
vt 0.8915330078125 0.8781319921875
vt 0.919075 0.863056015625
vt 0.1360830078125 0.854475
vt 0.137701015625 0.856393984375
vt 0.138466015625 0.8559219921875
vt 0.138446015625 0.853016015625
vt 0.138446015625 0.853016015625
vt 0.138466015625 0.8559219921875
vt 0.139215 0.8554030078125
vt 0.140765 0.8514139843749999
vt 0.134458984375 0.855475
vt 0.137176015625 0.8567169921875
vt 0.137701015625 0.856393984375
vt 0.1360830078125 0.854475
vt 0.13312 0.8564969921875
vt 0.1367430078125 0.8570469921875
vt 0.137176015625 0.8567169921875
vt 0.134458984375 0.855475
vt 0.138466015625 0.8559219921875
vt 0.1381930078125 0.8565019921875
vt 0.1383419921875 0.8563980078125
vt 0.139215 0.8554030078125
vt 0.1367430078125 0.8570469921875
vt 0.137851015625 0.856723984375
vt 0.1379380078125 0.856658984375
vt 0.137176015625 0.8567169921875
vt 0.137701015625 0.856393984375
vt 0.1380419921875 0.856595
vt 0.1381930078125 0.8565019921875
vt 0.138466015625 0.8559219921875
vt 0.137176015625 0.8567169921875
vt 0.1379380078125 0.856658984375
vt 0.1380419921875 0.856595
vt 0.137701015625 0.856393984375
vt 0.1379380078125 0.856658984375
vt 0.1380630078125 0.856581015625
vt 0.1380419921875 0.856595
vt 0.1381930078125 0.8565019921875
vt 0.1380630078125 0.856581015625
vt 0.1380930078125 0.8565619921875001
vt 0.1383419921875 0.8563980078125
vt 0.137851015625 0.856723984375
vt 0.138056015625 0.856586015625
vt 0.1380630078125 0.856581015625
vt 0.1379380078125 0.856658984375
vt 0.1380419921875 0.856595
vt 0.1380630078125 0.856581015625
vt 0.1381930078125 0.8565019921875
vt 0.496296015625 0.210905
vt 0.97516 0.210905
vt 0.97516 0.18933199218749996
vt 0.496296015625 0.189331015625
vt 0.496296015625 0.189331015625
vt 0.97516 0.18933199218749996
vt 0.97516 0.16858699218749995
vt 0.496296015625 0.16858699218749995
vt 0.496296015625 0.16858699218749995
vt 0.97516 0.16858699218749995
vt 0.97516 0.149468984375
vt 0.496296015625 0.149468984375
vt 0.496296015625 0.149468984375
vt 0.97516 0.149468984375
vt 0.97516 0.13271199218749996
vt 0.496296015625 0.13271199218749996
vt 0.496296015625 0.13271199218749996
vt 0.97516 0.13271199218749996
vt 0.97516 0.11895999999999995
vt 0.496296015625 0.11895999999999995
vt 0.496296015625 0.11895999999999995
vt 0.97516 0.11895999999999995
vt 0.97516 0.10874101562500005
vt 0.496296015625 0.10874101562500005
vt 0.496296015625 0.10874101562500005
vt 0.97516 0.10874101562500005
vt 0.97516 0.10244800781249996
vt 0.496296015625 0.10244800781249996
vt 0.496296015625 0.10244800781249996
vt 0.97516 0.10244800781249996
vt 0.97516 0.10032300781250003
vt 0.496296015625 0.10032300781250003
vt 0.496296015625 0.10032300781250003
vt 0.97516 0.10032300781250003
vt 0.97516 0.10244800781249996
vt 0.496296015625 0.10244800781249996
vt 0.496296015625 0.10244800781249996
vt 0.97516 0.10244800781249996
vt 0.97516 0.10874101562500005
vt 0.496296015625 0.10874101562500005
vt 0.496296015625 0.10874101562500005
vt 0.97516 0.10874101562500005
vt 0.97516 0.11895999999999995
vt 0.496296015625 0.11895999999999995
vt 0.496296015625 0.11895999999999995
vt 0.97516 0.11895999999999995
vt 0.97516 0.13271199218749996
vt 0.496296015625 0.13271199218749996
vt 0.496296015625 0.13271199218749996
vt 0.97516 0.13271199218749996
vt 0.97516 0.149468984375
vt 0.496296015625 0.149468984375
vt 0.496296015625 0.149468984375
vt 0.97516 0.149468984375
vt 0.97516 0.16858699218749995
vt 0.496296015625 0.16858699218749995
vt 0.496296015625 0.16858699218749995
vt 0.97516 0.16858699218749995
vt 0.97516 0.18933199218749996
vt 0.496296015625 0.189331015625
vt 0.496296015625 0.189331015625
vt 0.97516 0.18933199218749996
vt 0.97516 0.210905
vt 0.496296015625 0.210905
vt 0.496296015625 0.210905
vt 0.97516 0.210905
vt 0.97516 0.23247800781250005
vt 0.496296015625 0.23247800781250005
vt 0.496296015625 0.23247800781250005
vt 0.97516 0.23247800781250005
vt 0.97516 0.25322199218749997
vt 0.496296015625 0.25322199218749997
vt 0.496296015625 0.25322199218749997
vt 0.97516 0.25322199218749997
vt 0.97516 0.27234
vt 0.496296015625 0.27234
vt 0.496296015625 0.27234
vt 0.97516 0.27234
vt 0.97516 0.28909800781249995
vt 0.496296015625 0.28909800781249995
vt 0.496296015625 0.28909800781249995
vt 0.97516 0.28909800781249995
vt 0.97516 0.30284999999999995
vt 0.496296015625 0.30284999999999995
vt 0.496296015625 0.30284999999999995
vt 0.97516 0.30284999999999995
vt 0.97516 0.31306898437499997
vt 0.496296015625 0.31306898437499997
vt 0.496296015625 0.31306898437499997
vt 0.97516 0.31306898437499997
vt 0.97516 0.31936101562499997
vt 0.496296015625 0.31936101562499997
vt 0.496296015625 0.31936101562499997
vt 0.97516 0.31936101562499997
vt 0.97516 0.321486015625
vt 0.496296015625 0.321486015625
vt 0.496296015625 0.321486015625
vt 0.97516 0.321486015625
vt 0.97516 0.31936101562499997
vt 0.496296015625 0.31936101562499997
vt 0.496296015625 0.31936101562499997
vt 0.97516 0.31936101562499997
vt 0.97516 0.31306898437499997
vt 0.496296015625 0.31306898437499997
vt 0.496296015625 0.31306898437499997
vt 0.97516 0.31306898437499997
vt 0.97516 0.30284999999999995
vt 0.496296015625 0.30284999999999995
vt 0.496296015625 0.30284999999999995
vt 0.97516 0.30284999999999995
vt 0.97516 0.28909800781249995
vt 0.496296015625 0.28909800781249995
vt 0.496296015625 0.28909800781249995
vt 0.97516 0.28909800781249995
vt 0.97516 0.27234
vt 0.496296015625 0.27234
vt 0.496296015625 0.27234
vt 0.97516 0.27234
vt 0.97516 0.25322199218749997
vt 0.496296015625 0.25322199218749997
vt 0.989256015625 0.623113984375
vt 0.989256015625 0.629781015625
vt 0.989256015625 0.6364469921875
vt 0.989256015625 0.6428569921875
vt 0.496296015625 0.25322199218749997
vt 0.97516 0.25322199218749997
vt 0.97516 0.23247800781250005
vt 0.496296015625 0.23247800781250005
vt 0.496296015625 0.23247800781250005
vt 0.97516 0.23247800781250005
vt 0.97516 0.210905
vt 0.496296015625 0.210905
vt 0.496296015625 0.13271199218749996
vt 0.053495 0.13271199218749996
vt 0.053495 0.11895999999999995
vt 0.496296015625 0.11895999999999995
vt 0.496296015625 0.16858699218749995
vt 0.053495 0.16858699218749995
vt 0.053495 0.149468984375
vt 0.496296015625 0.149468984375
vt 0.496296015625 0.16858699218749995
vt 0.053495 0.16858699218749995
vt 0.053495 0.189331015625
vt 0.496296015625 0.189331015625
vt 0.496296015625 0.31306898437499997
vt 0.053495 0.31306898437499997
vt 0.053495 0.30284999999999995
vt 0.496296015625 0.30284999999999995
vt 0.496296015625 0.11895999999999995
vt 0.053495 0.11895999999999995
vt 0.053495 0.13271199218749996
vt 0.496296015625 0.13271199218749996
vt 0.496296015625 0.189331015625
vt 0.053495 0.189331015625
vt 0.053495 0.16858699218749995
vt 0.496296015625 0.16858699218749995
vt 0.496296015625 0.23247800781250005
vt 0.053495 0.23247800781250005
vt 0.053495 0.25322199218749997
vt 0.496296015625 0.25322199218749997
vt 0.496296015625 0.210905
vt 0.053495 0.210905
vt 0.053495 0.189331015625
vt 0.496296015625 0.189331015625
vt 0.496296015625 0.321486015625
vt 0.053495 0.321486015625
vt 0.053495 0.31936101562499997
vt 0.496296015625 0.31936101562499997
vt 0.496296015625 0.16858699218749995
vt 0.496296015625 0.149468984375
vt 0.053495 0.149468984375
vt 0.053495 0.16858699218749995
vt 0.496296015625 0.13271199218749996
vt 0.053495 0.13271199218749996
vt 0.053495 0.149468984375
vt 0.496296015625 0.149468984375
vt 0.496296015625 0.31936101562499997
vt 0.053495 0.31936101562499997
vt 0.053495 0.31306898437499997
vt 0.496296015625 0.31306898437499997
vt 0.496296015625 0.210905
vt 0.053495 0.210905
vt 0.053495 0.23247800781250005
vt 0.496296015625 0.23247800781250005
vt 0.496296015625 0.23247800781250005
vt 0.053495 0.23247800781250005
vt 0.053495 0.210905
vt 0.496296015625 0.210905
vt 0.496296015625 0.10874101562500005
vt 0.053495 0.10874101562500005
vt 0.053495 0.10244800781249996
vt 0.496296015625 0.10244800781249996
vt 0.496296015625 0.25322199218749997
vt 0.053495 0.25322199218749997
vt 0.053495 0.23247800781250005
vt 0.496296015625 0.23247800781250005
vt 0.496296015625 0.27234
vt 0.053495 0.27234
vt 0.053495 0.25322199218749997
vt 0.496296015625 0.25322199218749997
vt 0.496296015625 0.10874101562500005
vt 0.053495 0.10874101562500005
vt 0.053495 0.11895999999999995
vt 0.496296015625 0.11895999999999995
vt 0.496296015625 0.10032300781250003
vt 0.053495 0.10032300781250003
vt 0.053495 0.10244800781249996
vt 0.496296015625 0.10244800781249996
vt 0.496296015625 0.30284999999999995
vt 0.053495 0.30284999999999995
vt 0.053495 0.28909800781249995
vt 0.496296015625 0.28909800781249995
vt 0.496296015625 0.31306898437499997
vt 0.053495 0.31306898437499997
vt 0.053495 0.31936101562499997
vt 0.496296015625 0.31936101562499997
vt 0.496296015625 0.28909800781249995
vt 0.053495 0.28909800781249995
vt 0.053495 0.27234
vt 0.496296015625 0.27234
vt 0.496296015625 0.11895999999999995
vt 0.053495 0.11895999999999995
vt 0.053495 0.10874101562500005
vt 0.496296015625 0.10874101562500005
vt 0.496296015625 0.189331015625
vt 0.053495 0.189331015625
vt 0.053495 0.210905
vt 0.496296015625 0.210905
vt 0.496296015625 0.10244800781249996
vt 0.053495 0.10244800781249996
vt 0.053495 0.10032300781250003
vt 0.496296015625 0.10032300781250003
vt 0.496296015625 0.27234
vt 0.053495 0.27234
vt 0.053495 0.28909800781249995
vt 0.496296015625 0.28909800781249995
vt 0.496296015625 0.31936101562499997
vt 0.053495 0.31936101562499997
vt 0.053495 0.321486015625
vt 0.496296015625 0.321486015625
vt 0.496296015625 0.30284999999999995
vt 0.053495 0.30284999999999995
vt 0.053495 0.31306898437499997
vt 0.496296015625 0.31306898437499997
vt 0.496296015625 0.25322199218749997
vt 0.053495 0.25322199218749997
vt 0.053495 0.27234
vt 0.496296015625 0.27234
vt 0.496296015625 0.149468984375
vt 0.053495 0.149468984375
vt 0.053495 0.13271199218749996
vt 0.496296015625 0.13271199218749996
vt 0.496296015625 0.10244800781249996
vt 0.053495 0.10244800781249996
vt 0.053495 0.10874101562500005
vt 0.496296015625 0.10874101562500005
vt 0.977876015625 0.5837080078125
vt 0.977876015625 0.58043
vt 0.976943984375 0.5800310156249999
vt 0.976943984375 0.5833489843749999
vt 0.977876015625 0.6459619921875
vt 0.977876015625 0.6426839843750001
vt 0.976943984375 0.6430430078125
vt 0.976943984375 0.64636
vt 0.977876015625 0.620115
vt 0.977876015625 0.6267680078125
vt 0.976943984375 0.6269330078124999
vt 0.976943984375 0.620198984375
vt 0.977876015625 0.613196015625
vt 0.977876015625 0.6062769921875
vt 0.976943984375 0.6061930078125
vt 0.976943984375 0.613196015625
vt 0.977876015625 0.620115
vt 0.977876015625 0.613196015625
vt 0.976943984375 0.613196015625
vt 0.976943984375 0.620198984375
vt 0.977876015625 0.648661015625
vt 0.977876015625 0.64798
vt 0.976943984375 0.6484030078125
vt 0.976943984375 0.6490930078125
vt 0.977876015625 0.6062769921875
vt 0.977876015625 0.599623984375
vt 0.976943984375 0.599458984375
vt 0.976943984375 0.6061930078125
vt 0.977876015625 0.6459619921875
vt 0.977876015625 0.64798
vt 0.976943984375 0.6484030078125
vt 0.976943984375 0.64636
vt 0.977876015625 0.6062769921875
vt 0.977876015625 0.613196015625
vt 0.976943984375 0.613196015625
vt 0.976943984375 0.6061930078125
vt 0.977876015625 0.64798
vt 0.977876015625 0.6459619921875
vt 0.976943984375 0.64636
vt 0.976943984375 0.6484030078125
vt 0.977876015625 0.5934919921874999
vt 0.977876015625 0.5881180078125
vt 0.976943984375 0.5878130078125
vt 0.976943984375 0.5932530078125
vt 0.977876015625 0.638273984375
vt 0.977876015625 0.6426839843750001
vt 0.976943984375 0.6430430078125
vt 0.976943984375 0.638578984375
vt 0.977876015625 0.6426839843750001
vt 0.977876015625 0.638273984375
vt 0.976943984375 0.638578984375
vt 0.976943984375 0.6430430078125
vt 0.977876015625 0.6328989843749999
vt 0.977876015625 0.6267680078125
vt 0.976943984375 0.6269330078124999
vt 0.976943984375 0.6331389843749999
vt 0.977876015625 0.6267680078125
vt 0.977876015625 0.6328989843749999
vt 0.976943984375 0.6331389843749999
vt 0.976943984375 0.6269330078124999
vt 0.977876015625 0.5934919921874999
vt 0.977876015625 0.599623984375
vt 0.976943984375 0.599458984375
vt 0.976943984375 0.5932530078125
vt 0.977876015625 0.613196015625
vt 0.977876015625 0.620115
vt 0.976943984375 0.620198984375
vt 0.976943984375 0.613196015625
vt 0.977876015625 0.599623984375
vt 0.977876015625 0.6062769921875
vt 0.976943984375 0.6061930078125
vt 0.976943984375 0.599458984375
vt 0.977876015625 0.5837080078125
vt 0.977876015625 0.5881180078125
vt 0.976943984375 0.5878130078125
vt 0.976943984375 0.5833489843749999
vt 0.977876015625 0.5881180078125
vt 0.977876015625 0.5934919921874999
vt 0.976943984375 0.5932530078125
vt 0.976943984375 0.5878130078125
vt 0.977876015625 0.64798
vt 0.977876015625 0.648661015625
vt 0.976943984375 0.6490930078125
vt 0.976943984375 0.6484030078125
vt 0.977876015625 0.58043
vt 0.977876015625 0.5837080078125
vt 0.976943984375 0.5833489843749999
vt 0.976943984375 0.5800310156249999
vt 0.977876015625 0.5784119921875
vt 0.977876015625 0.58043
vt 0.976943984375 0.5800310156249999
vt 0.976943984375 0.577988984375
vt 0.977876015625 0.577731015625
vt 0.977876015625 0.5784119921875
vt 0.976943984375 0.577988984375
vt 0.976943984375 0.577298984375
vt 0.977876015625 0.6426839843750001
vt 0.977876015625 0.6459619921875
vt 0.976943984375 0.64636
vt 0.976943984375 0.6430430078125
vt 0.977876015625 0.58043
vt 0.977876015625 0.5784119921875
vt 0.976943984375 0.577988984375
vt 0.976943984375 0.5800310156249999
vt 0.977876015625 0.5784119921875
vt 0.977876015625 0.577731015625
vt 0.976943984375 0.577298984375
vt 0.976943984375 0.577988984375
vt 0.977876015625 0.5881180078125
vt 0.977876015625 0.5837080078125
vt 0.976943984375 0.5833489843749999
vt 0.976943984375 0.5878130078125
vt 0.977876015625 0.6267680078125
vt 0.977876015625 0.620115
vt 0.976943984375 0.620198984375
vt 0.976943984375 0.6269330078124999
vt 0.977876015625 0.6328989843749999
vt 0.977876015625 0.638273984375
vt 0.976943984375 0.638578984375
vt 0.976943984375 0.6331389843749999
vt 0.977876015625 0.599623984375
vt 0.977876015625 0.5934919921874999
vt 0.976943984375 0.5932530078125
vt 0.976943984375 0.599458984375
vt 0.977876015625 0.638273984375
vt 0.977876015625 0.6328989843749999
vt 0.976943984375 0.6331389843749999
vt 0.976943984375 0.638578984375
vt 0.976943984375 0.613196015625
vt 0.976943984375 0.620198984375
vt 0.9388630078125 0.620198984375
vt 0.9388630078125 0.613196015625
vt 0.976943984375 0.6331389843749999
vt 0.976943984375 0.638578984375
vt 0.9388630078125 0.638578984375
vt 0.9388630078125 0.6331389843749999
vt 0.976943984375 0.599458984375
vt 0.976943984375 0.6061930078125
vt 0.9388630078125 0.6061930078125
vt 0.9388630078125 0.599458984375
vt 0.976943984375 0.620198984375
vt 0.976943984375 0.6269330078124999
vt 0.9388630078125 0.6269330078124999
vt 0.9388630078125 0.620198984375
vt 0.976943984375 0.5878130078125
vt 0.976943984375 0.5932530078125
vt 0.9388630078125 0.5932530078125
vt 0.9388630078125 0.5878130078125
vt 0.976943984375 0.6061930078125
vt 0.976943984375 0.613196015625
vt 0.9388630078125 0.613196015625
vt 0.9388630078125 0.6061930078125
vt 0.976943984375 0.5800310156249999
vt 0.976943984375 0.5833489843749999
vt 0.9388630078125 0.5833489843749999
vt 0.9388630078125 0.5800310156249999
vt 0.976943984375 0.5932530078125
vt 0.976943984375 0.599458984375
vt 0.9388630078125 0.599458984375
vt 0.9388630078125 0.5932530078125
vt 0.976943984375 0.577298984375
vt 0.976943984375 0.577988984375
vt 0.9388630078125 0.577988984375
vt 0.9388630078125 0.577298984375
vt 0.976943984375 0.5833489843749999
vt 0.976943984375 0.5878130078125
vt 0.9388630078125 0.5878130078125
vt 0.9388630078125 0.5833489843749999
vt 0.976943984375 0.5800310156249999
vt 0.976943984375 0.577988984375
vt 0.9388630078125 0.577988984375
vt 0.9388630078125 0.5800310156249999
vt 0.976943984375 0.577988984375
vt 0.976943984375 0.5800310156249999
vt 0.9388630078125 0.5800310156249999
vt 0.9388630078125 0.577988984375
vt 0.976943984375 0.5878130078125
vt 0.976943984375 0.5833489843749999
vt 0.9388630078125 0.5833489843749999
vt 0.9388630078125 0.5878130078125
vt 0.976943984375 0.6269330078124999
vt 0.976943984375 0.620198984375
vt 0.9388630078125 0.620198984375
vt 0.9388630078125 0.6269330078124999
vt 0.976943984375 0.577988984375
vt 0.976943984375 0.577298984375
vt 0.9388630078125 0.577298984375
vt 0.9388630078125 0.577988984375
vt 0.976943984375 0.599458984375
vt 0.976943984375 0.5932530078125
vt 0.9388630078125 0.5932530078125
vt 0.9388630078125 0.599458984375
vt 0.976943984375 0.638578984375
vt 0.976943984375 0.6331389843749999
vt 0.9388630078125 0.6331389843749999
vt 0.9388630078125 0.638578984375
vt 0.976943984375 0.5833489843749999
vt 0.976943984375 0.5800310156249999
vt 0.9388630078125 0.5800310156249999
vt 0.9388630078125 0.5833489843749999
vt 0.976943984375 0.613196015625
vt 0.976943984375 0.6061930078125
vt 0.9388630078125 0.6061930078125
vt 0.9388630078125 0.613196015625
vt 0.976943984375 0.64636
vt 0.976943984375 0.6430430078125
vt 0.9388630078125 0.6430430078125
vt 0.9388630078125 0.64636
vt 0.976943984375 0.620198984375
vt 0.976943984375 0.613196015625
vt 0.9388630078125 0.613196015625
vt 0.9388630078125 0.620198984375
vt 0.976943984375 0.6061930078125
vt 0.976943984375 0.599458984375
vt 0.9388630078125 0.599458984375
vt 0.9388630078125 0.6061930078125
vt 0.976943984375 0.6490930078125
vt 0.976943984375 0.6484030078125
vt 0.9388630078125 0.6484030078125
vt 0.9388630078125 0.6490930078125
vt 0.976943984375 0.5932530078125
vt 0.976943984375 0.5878130078125
vt 0.9388630078125 0.5878130078125
vt 0.9388630078125 0.5932530078125
vt 0.976943984375 0.6484030078125
vt 0.976943984375 0.64636
vt 0.9388630078125 0.64636
vt 0.9388630078125 0.6484030078125
vt 0.976943984375 0.64636
vt 0.976943984375 0.6484030078125
vt 0.9388630078125 0.6484030078125
vt 0.9388630078125 0.64636
vt 0.976943984375 0.6331389843749999
vt 0.976943984375 0.6269330078124999
vt 0.9388630078125 0.6269330078124999
vt 0.9388630078125 0.6331389843749999
vt 0.976943984375 0.6430430078125
vt 0.976943984375 0.638578984375
vt 0.9388630078125 0.638578984375
vt 0.9388630078125 0.6430430078125
vt 0.976943984375 0.638578984375
vt 0.976943984375 0.6430430078125
vt 0.9388630078125 0.6430430078125
vt 0.9388630078125 0.638578984375
vt 0.976943984375 0.6484030078125
vt 0.976943984375 0.6490930078125
vt 0.9388630078125 0.6490930078125
vt 0.9388630078125 0.6484030078125
vt 0.976943984375 0.6269330078124999
vt 0.976943984375 0.6331389843749999
vt 0.9388630078125 0.6331389843749999
vt 0.9388630078125 0.6269330078124999
vt 0.976943984375 0.6430430078125
vt 0.976943984375 0.64636
vt 0.9388630078125 0.64636
vt 0.9388630078125 0.6430430078125
vt 0.978243984375 0.6373580078125001
vt 0.978243984375 0.63218
vt 0.978465 0.632658984375
vt 0.978465 0.6379680078125001
vt 0.978243984375 0.60012
vt 0.978243984375 0.5942119921875
vt 0.978465 0.5937319921875
vt 0.978465 0.599788984375
vt 0.978243984375 0.63218
vt 0.978243984375 0.6373580078125001
vt 0.978465 0.6379680078125001
vt 0.978465 0.632658984375
vt 0.978243984375 0.6262719921875
vt 0.978243984375 0.6198619921874999
vt 0.978465 0.620031015625
vt 0.978465 0.6266030078125
vt 0.978243984375 0.589033984375
vt 0.978243984375 0.584783984375
vt 0.978465 0.5840669921875
vt 0.978465 0.5884230078125
vt 0.978243984375 0.5796819921875
vt 0.978243984375 0.579026015625
vt 0.978465 0.5781619921875
vt 0.978465 0.578835
vt 0.978243984375 0.5816269921875
vt 0.978243984375 0.5796819921875
vt 0.978465 0.578835
vt 0.978465 0.5808289843750001
vt 0.978243984375 0.6416069921875001
vt 0.978243984375 0.644765
vt 0.978465 0.6455630078125
vt 0.978465 0.642325
vt 0.978243984375 0.579026015625
vt 0.978243984375 0.5796819921875
vt 0.978465 0.578835
vt 0.978465 0.5781619921875
vt 0.978243984375 0.5796819921875
vt 0.978243984375 0.5816269921875
vt 0.978465 0.5808289843750001
vt 0.978465 0.578835
vt 0.978243984375 0.5816269921875
vt 0.978243984375 0.584783984375
vt 0.978465 0.5840669921875
vt 0.978465 0.5808289843750001
vt 0.978243984375 0.64671
vt 0.978243984375 0.6473660156250001
vt 0.978465 0.648228984375
vt 0.978465 0.647556015625
vt 0.978243984375 0.589033984375
vt 0.978243984375 0.5942119921875
vt 0.978465 0.5937319921875
vt 0.978465 0.5884230078125
vt 0.978243984375 0.584783984375
vt 0.978243984375 0.589033984375
vt 0.978465 0.5884230078125
vt 0.978465 0.5840669921875
vt 0.978243984375 0.60012
vt 0.978243984375 0.60653
vt 0.978465 0.606361015625
vt 0.978465 0.599788984375
vt 0.978243984375 0.613196015625
vt 0.978243984375 0.6198619921874999
vt 0.978465 0.620031015625
vt 0.978465 0.613196015625
vt 0.978243984375 0.5942119921875
vt 0.978243984375 0.60012
vt 0.978465 0.599788984375
vt 0.978465 0.5937319921875
vt 0.978243984375 0.6262719921875
vt 0.978243984375 0.63218
vt 0.978465 0.632658984375
vt 0.978465 0.6266030078125
vt 0.978243984375 0.63218
vt 0.978243984375 0.6262719921875
vt 0.978465 0.6266030078125
vt 0.978465 0.632658984375
vt 0.978243984375 0.6416069921875001
vt 0.978243984375 0.6373580078125001
vt 0.978465 0.6379680078125001
vt 0.978465 0.642325
vt 0.978243984375 0.6373580078125001
vt 0.978243984375 0.6416069921875001
vt 0.978465 0.642325
vt 0.978465 0.6379680078125001
vt 0.978243984375 0.5942119921875
vt 0.978243984375 0.589033984375
vt 0.978465 0.5884230078125
vt 0.978465 0.5937319921875
vt 0.978243984375 0.64671
vt 0.978243984375 0.644765
vt 0.978465 0.6455630078125
vt 0.978465 0.647556015625
vt 0.978243984375 0.60653
vt 0.978243984375 0.613196015625
vt 0.978465 0.613196015625
vt 0.978465 0.606361015625
vt 0.978243984375 0.644765
vt 0.978243984375 0.64671
vt 0.978465 0.647556015625
vt 0.978465 0.6455630078125
vt 0.978243984375 0.60653
vt 0.978243984375 0.60012
vt 0.978465 0.599788984375
vt 0.978465 0.606361015625
vt 0.978243984375 0.6473660156250001
vt 0.978243984375 0.64671
vt 0.978465 0.647556015625
vt 0.978465 0.648228984375
vt 0.978243984375 0.6198619921874999
vt 0.978243984375 0.613196015625
vt 0.978465 0.613196015625
vt 0.978465 0.620031015625
vt 0.978243984375 0.613196015625
vt 0.978243984375 0.60653
vt 0.978465 0.606361015625
vt 0.978465 0.613196015625
vt 0.978243984375 0.6198619921874999
vt 0.978243984375 0.6262719921875
vt 0.978465 0.6266030078125
vt 0.978465 0.620031015625
vt 0.978243984375 0.644765
vt 0.978243984375 0.6416069921875001
vt 0.978465 0.642325
vt 0.978465 0.6455630078125
vt 0.978243984375 0.584783984375
vt 0.978243984375 0.5816269921875
vt 0.978465 0.5808289843750001
vt 0.978465 0.5840669921875
vt 0.978465 0.6379680078125001
vt 0.978465 0.632658984375
vt 0.977876015625 0.6328989843749999
vt 0.977876015625 0.638273984375
vt 0.978465 0.599788984375
vt 0.978465 0.5937319921875
vt 0.977876015625 0.5934919921874999
vt 0.977876015625 0.599623984375
vt 0.978465 0.632658984375
vt 0.978465 0.6379680078125001
vt 0.977876015625 0.638273984375
vt 0.977876015625 0.6328989843749999
vt 0.978465 0.6266030078125
vt 0.978465 0.620031015625
vt 0.977876015625 0.620115
vt 0.977876015625 0.6267680078125
vt 0.978465 0.5884230078125
vt 0.978465 0.5840669921875
vt 0.977876015625 0.5837080078125
vt 0.977876015625 0.5881180078125
vt 0.978465 0.578835
vt 0.978465 0.5781619921875
vt 0.977876015625 0.577731015625
vt 0.977876015625 0.5784119921875
vt 0.978465 0.5808289843750001
vt 0.978465 0.578835
vt 0.977876015625 0.5784119921875
vt 0.977876015625 0.58043
vt 0.978465 0.642325
vt 0.978465 0.6455630078125
vt 0.977876015625 0.6459619921875
vt 0.977876015625 0.6426839843750001
vt 0.978465 0.5781619921875
vt 0.978465 0.578835
vt 0.977876015625 0.5784119921875
vt 0.977876015625 0.577731015625
vt 0.978465 0.578835
vt 0.978465 0.5808289843750001
vt 0.977876015625 0.58043
vt 0.977876015625 0.5784119921875
vt 0.978465 0.5808289843750001
vt 0.978465 0.5840669921875
vt 0.977876015625 0.5837080078125
vt 0.977876015625 0.58043
vt 0.978465 0.647556015625
vt 0.978465 0.648228984375
vt 0.977876015625 0.648661015625
vt 0.977876015625 0.64798
vt 0.978465 0.5884230078125
vt 0.978465 0.5937319921875
vt 0.977876015625 0.5934919921874999
vt 0.977876015625 0.5881180078125
vt 0.978465 0.5840669921875
vt 0.978465 0.5884230078125
vt 0.977876015625 0.5881180078125
vt 0.977876015625 0.5837080078125
vt 0.978465 0.599788984375
vt 0.978465 0.606361015625
vt 0.977876015625 0.6062769921875
vt 0.977876015625 0.599623984375
vt 0.978465 0.613196015625
vt 0.978465 0.620031015625
vt 0.977876015625 0.620115
vt 0.977876015625 0.613196015625
vt 0.978465 0.5937319921875
vt 0.978465 0.599788984375
vt 0.977876015625 0.599623984375
vt 0.977876015625 0.5934919921874999
vt 0.978465 0.6266030078125
vt 0.978465 0.632658984375
vt 0.977876015625 0.6328989843749999
vt 0.977876015625 0.6267680078125
vt 0.978465 0.632658984375
vt 0.978465 0.6266030078125
vt 0.977876015625 0.6267680078125
vt 0.977876015625 0.6328989843749999
vt 0.978465 0.642325
vt 0.978465 0.6379680078125001
vt 0.977876015625 0.638273984375
vt 0.977876015625 0.6426839843750001
vt 0.978465 0.6379680078125001
vt 0.978465 0.642325
vt 0.977876015625 0.6426839843750001
vt 0.977876015625 0.638273984375
vt 0.978465 0.5937319921875
vt 0.978465 0.5884230078125
vt 0.977876015625 0.5881180078125
vt 0.977876015625 0.5934919921874999
vt 0.978465 0.647556015625
vt 0.978465 0.6455630078125
vt 0.977876015625 0.6459619921875
vt 0.977876015625 0.64798
vt 0.978465 0.606361015625
vt 0.978465 0.613196015625
vt 0.977876015625 0.613196015625
vt 0.977876015625 0.6062769921875
vt 0.978465 0.6455630078125
vt 0.978465 0.647556015625
vt 0.977876015625 0.64798
vt 0.977876015625 0.6459619921875
vt 0.978465 0.606361015625
vt 0.978465 0.599788984375
vt 0.977876015625 0.599623984375
vt 0.977876015625 0.6062769921875
vt 0.978465 0.648228984375
vt 0.978465 0.647556015625
vt 0.977876015625 0.64798
vt 0.977876015625 0.648661015625
vt 0.978465 0.620031015625
vt 0.978465 0.613196015625
vt 0.977876015625 0.613196015625
vt 0.977876015625 0.620115
vt 0.978465 0.613196015625
vt 0.978465 0.606361015625
vt 0.977876015625 0.6062769921875
vt 0.977876015625 0.613196015625
vt 0.978465 0.620031015625
vt 0.978465 0.6266030078125
vt 0.977876015625 0.6267680078125
vt 0.977876015625 0.620115
vt 0.978465 0.6455630078125
vt 0.978465 0.642325
vt 0.977876015625 0.6426839843750001
vt 0.977876015625 0.6459619921875
vt 0.978465 0.5840669921875
vt 0.978465 0.5808289843750001
vt 0.977876015625 0.58043
vt 0.977876015625 0.5837080078125
vt 0.9388630078125 0.6430430078125
vt 0.9388630078125 0.64636
vt 0.932001015625 0.645156015625
vt 0.932001015625 0.641958984375
vt 0.9388630078125 0.613196015625
vt 0.9388630078125 0.620198984375
vt 0.932001015625 0.619945
vt 0.932001015625 0.613196015625
vt 0.9388630078125 0.6331389843749999
vt 0.9388630078125 0.638578984375
vt 0.932001015625 0.6376569921874999
vt 0.932001015625 0.632415
vt 0.9388630078125 0.599458984375
vt 0.9388630078125 0.6061930078125
vt 0.932001015625 0.6064469921875
vt 0.932001015625 0.5999580078125
vt 0.9388630078125 0.620198984375
vt 0.9388630078125 0.6269330078124999
vt 0.932001015625 0.626433984375
vt 0.932001015625 0.619945
vt 0.9388630078125 0.5878130078125
vt 0.9388630078125 0.5932530078125
vt 0.932001015625 0.5939769921875
vt 0.932001015625 0.588735
vt 0.9388630078125 0.6061930078125
vt 0.9388630078125 0.613196015625
vt 0.932001015625 0.613196015625
vt 0.932001015625 0.6064469921875
vt 0.9388630078125 0.5800310156249999
vt 0.9388630078125 0.5833489843749999
vt 0.932001015625 0.5844330078125
vt 0.932001015625 0.581236015625
vt 0.9388630078125 0.5932530078125
vt 0.9388630078125 0.599458984375
vt 0.932001015625 0.5999580078125
vt 0.932001015625 0.5939769921875
vt 0.9388630078125 0.577298984375
vt 0.9388630078125 0.577988984375
vt 0.932001015625 0.5792669921875
vt 0.932001015625 0.5786030078125
vt 0.9388630078125 0.5833489843749999
vt 0.9388630078125 0.5878130078125
vt 0.932001015625 0.588735
vt 0.932001015625 0.5844330078125
vt 0.9388630078125 0.5800310156249999
vt 0.9388630078125 0.577988984375
vt 0.932001015625 0.5792669921875
vt 0.932001015625 0.581236015625
vt 0.9388630078125 0.577988984375
vt 0.9388630078125 0.5800310156249999
vt 0.932001015625 0.581236015625
vt 0.932001015625 0.5792669921875
vt 0.9388630078125 0.5878130078125
vt 0.9388630078125 0.5833489843749999
vt 0.932001015625 0.5844330078125
vt 0.932001015625 0.588735
vt 0.9388630078125 0.6269330078124999
vt 0.9388630078125 0.620198984375
vt 0.932001015625 0.619945
vt 0.932001015625 0.626433984375
vt 0.9388630078125 0.577988984375
vt 0.9388630078125 0.577298984375
vt 0.932001015625 0.5786030078125
vt 0.932001015625 0.5792669921875
vt 0.9388630078125 0.599458984375
vt 0.9388630078125 0.5932530078125
vt 0.932001015625 0.5939769921875
vt 0.932001015625 0.5999580078125
vt 0.9388630078125 0.638578984375
vt 0.9388630078125 0.6331389843749999
vt 0.932001015625 0.632415
vt 0.932001015625 0.6376569921874999
vt 0.9388630078125 0.5833489843749999
vt 0.9388630078125 0.5800310156249999
vt 0.932001015625 0.581236015625
vt 0.932001015625 0.5844330078125
vt 0.9388630078125 0.613196015625
vt 0.9388630078125 0.6061930078125
vt 0.932001015625 0.6064469921875
vt 0.932001015625 0.613196015625
vt 0.9388630078125 0.64636
vt 0.9388630078125 0.6430430078125
vt 0.932001015625 0.641958984375
vt 0.932001015625 0.645156015625
vt 0.9388630078125 0.620198984375
vt 0.9388630078125 0.613196015625
vt 0.932001015625 0.613196015625
vt 0.932001015625 0.619945
vt 0.9388630078125 0.6061930078125
vt 0.9388630078125 0.599458984375
vt 0.932001015625 0.5999580078125
vt 0.932001015625 0.6064469921875
vt 0.9388630078125 0.6490930078125
vt 0.9388630078125 0.6484030078125
vt 0.932001015625 0.6471239843750001
vt 0.932001015625 0.647788984375
vt 0.9388630078125 0.5932530078125
vt 0.9388630078125 0.5878130078125
vt 0.932001015625 0.588735
vt 0.932001015625 0.5939769921875
vt 0.9388630078125 0.6484030078125
vt 0.9388630078125 0.64636
vt 0.932001015625 0.645156015625
vt 0.932001015625 0.6471239843750001
vt 0.9388630078125 0.64636
vt 0.9388630078125 0.6484030078125
vt 0.932001015625 0.6471239843750001
vt 0.932001015625 0.645156015625
vt 0.9388630078125 0.6331389843749999
vt 0.9388630078125 0.6269330078124999
vt 0.932001015625 0.626433984375
vt 0.932001015625 0.632415
vt 0.9388630078125 0.6430430078125
vt 0.9388630078125 0.638578984375
vt 0.932001015625 0.6376569921874999
vt 0.932001015625 0.641958984375
vt 0.9388630078125 0.638578984375
vt 0.9388630078125 0.6430430078125
vt 0.932001015625 0.641958984375
vt 0.932001015625 0.6376569921874999
vt 0.9388630078125 0.6484030078125
vt 0.9388630078125 0.6490930078125
vt 0.932001015625 0.647788984375
vt 0.932001015625 0.6471239843750001
vt 0.9388630078125 0.6269330078124999
vt 0.9388630078125 0.6331389843749999
vt 0.932001015625 0.632415
vt 0.932001015625 0.626433984375
vt 0.932001015625 0.619945
vt 0.932001015625 0.613196015625
vt 0.927115 0.613196015625
vt 0.927115 0.61886
vt 0.932001015625 0.6064469921875
vt 0.932001015625 0.5999580078125
vt 0.927115 0.6020860156250001
vt 0.927115 0.6075319921875
vt 0.932001015625 0.647788984375
vt 0.932001015625 0.6471239843750001
vt 0.927115 0.64167
vt 0.927115 0.6422280078125
vt 0.932001015625 0.5939769921875
vt 0.932001015625 0.588735
vt 0.927115 0.5926669921875001
vt 0.927115 0.5970660156250001
vt 0.932001015625 0.6471239843750001
vt 0.932001015625 0.645156015625
vt 0.927115 0.6400180078125
vt 0.927115 0.64167
vt 0.932001015625 0.645156015625
vt 0.932001015625 0.6471239843750001
vt 0.927115 0.64167
vt 0.927115 0.6400180078125
vt 0.932001015625 0.632415
vt 0.932001015625 0.626433984375
vt 0.927115 0.624306015625
vt 0.927115 0.629325
vt 0.932001015625 0.641958984375
vt 0.932001015625 0.6376569921874999
vt 0.927115 0.633725
vt 0.927115 0.637335
vt 0.932001015625 0.6376569921874999
vt 0.932001015625 0.641958984375
vt 0.927115 0.637335
vt 0.927115 0.633725
vt 0.932001015625 0.6471239843750001
vt 0.932001015625 0.647788984375
vt 0.927115 0.6422280078125
vt 0.927115 0.64167
vt 0.932001015625 0.626433984375
vt 0.932001015625 0.632415
vt 0.927115 0.629325
vt 0.927115 0.624306015625
vt 0.932001015625 0.641958984375
vt 0.932001015625 0.645156015625
vt 0.927115 0.6400180078125
vt 0.927115 0.637335
vt 0.932001015625 0.613196015625
vt 0.932001015625 0.619945
vt 0.927115 0.61886
vt 0.927115 0.613196015625
vt 0.932001015625 0.632415
vt 0.932001015625 0.6376569921874999
vt 0.927115 0.633725
vt 0.927115 0.629325
vt 0.932001015625 0.5999580078125
vt 0.932001015625 0.6064469921875
vt 0.927115 0.6075319921875
vt 0.927115 0.6020860156250001
vt 0.932001015625 0.619945
vt 0.932001015625 0.626433984375
vt 0.927115 0.624306015625
vt 0.927115 0.61886
vt 0.932001015625 0.588735
vt 0.932001015625 0.5939769921875
vt 0.927115 0.5970660156250001
vt 0.927115 0.5926669921875001
vt 0.932001015625 0.6064469921875
vt 0.932001015625 0.613196015625
vt 0.927115 0.613196015625
vt 0.927115 0.6075319921875
vt 0.932001015625 0.581236015625
vt 0.932001015625 0.5844330078125
vt 0.927115 0.589056015625
vt 0.927115 0.586373984375
vt 0.932001015625 0.5939769921875
vt 0.932001015625 0.5999580078125
vt 0.927115 0.6020860156250001
vt 0.927115 0.5970660156250001
vt 0.932001015625 0.5786030078125
vt 0.932001015625 0.5792669921875
vt 0.927115 0.5847219921875
vt 0.927115 0.584163984375
vt 0.932001015625 0.5844330078125
vt 0.932001015625 0.588735
vt 0.927115 0.5926669921875001
vt 0.927115 0.589056015625
vt 0.932001015625 0.581236015625
vt 0.932001015625 0.5792669921875
vt 0.927115 0.5847219921875
vt 0.927115 0.586373984375
vt 0.932001015625 0.5792669921875
vt 0.932001015625 0.581236015625
vt 0.927115 0.586373984375
vt 0.927115 0.5847219921875
vt 0.932001015625 0.588735
vt 0.932001015625 0.5844330078125
vt 0.927115 0.589056015625
vt 0.927115 0.5926669921875001
vt 0.932001015625 0.626433984375
vt 0.932001015625 0.619945
vt 0.927115 0.61886
vt 0.927115 0.624306015625
vt 0.932001015625 0.5792669921875
vt 0.932001015625 0.5786030078125
vt 0.927115 0.584163984375
vt 0.927115 0.5847219921875
vt 0.932001015625 0.5999580078125
vt 0.932001015625 0.5939769921875
vt 0.927115 0.5970660156250001
vt 0.927115 0.6020860156250001
vt 0.932001015625 0.6376569921874999
vt 0.932001015625 0.632415
vt 0.927115 0.629325
vt 0.927115 0.633725
vt 0.932001015625 0.5844330078125
vt 0.932001015625 0.581236015625
vt 0.927115 0.586373984375
vt 0.927115 0.589056015625
vt 0.932001015625 0.613196015625
vt 0.932001015625 0.6064469921875
vt 0.927115 0.6075319921875
vt 0.927115 0.613196015625
vt 0.932001015625 0.645156015625
vt 0.932001015625 0.641958984375
vt 0.927115 0.637335
vt 0.927115 0.6400180078125
vt 0.927115 0.64167
vt 0.927115 0.6422280078125
vt 0.9237169921875 0.6333739843749999
vt 0.9237169921875 0.632986015625
vt 0.927115 0.624306015625
vt 0.927115 0.629325
vt 0.9237169921875 0.624406015625
vt 0.9237169921875 0.6209180078125001
vt 0.927115 0.637335
vt 0.927115 0.6400180078125
vt 0.9237169921875 0.6318380078125
vt 0.9237169921875 0.6299730078125
vt 0.927115 0.613196015625
vt 0.927115 0.61886
vt 0.9237169921875 0.6171319921875
vt 0.9237169921875 0.613196015625
vt 0.927115 0.629325
vt 0.927115 0.633725
vt 0.9237169921875 0.6274639843750001
vt 0.9237169921875 0.624406015625
vt 0.927115 0.6020860156250001
vt 0.927115 0.6075319921875
vt 0.9237169921875 0.609258984375
vt 0.9237169921875 0.605473984375
vt 0.927115 0.61886
vt 0.927115 0.624306015625
vt 0.9237169921875 0.6209180078125001
vt 0.9237169921875 0.6171319921875
vt 0.927115 0.5926669921875001
vt 0.927115 0.5970660156250001
vt 0.9237169921875 0.601986015625
vt 0.9237169921875 0.5989280078125
vt 0.927115 0.6075319921875
vt 0.927115 0.613196015625
vt 0.9237169921875 0.613196015625
vt 0.9237169921875 0.609258984375
vt 0.927115 0.586373984375
vt 0.927115 0.589056015625
vt 0.9237169921875 0.5964189843750001
vt 0.9237169921875 0.5945539843750001
vt 0.927115 0.5970660156250001
vt 0.927115 0.6020860156250001
vt 0.9237169921875 0.605473984375
vt 0.9237169921875 0.601986015625
vt 0.927115 0.584163984375
vt 0.927115 0.5847219921875
vt 0.9237169921875 0.5934060156250001
vt 0.9237169921875 0.5930180078125
vt 0.927115 0.589056015625
vt 0.927115 0.5926669921875001
vt 0.9237169921875 0.5989280078125
vt 0.9237169921875 0.5964189843750001
vt 0.927115 0.586373984375
vt 0.927115 0.5847219921875
vt 0.9237169921875 0.5934060156250001
vt 0.9237169921875 0.5945539843750001
vt 0.927115 0.5847219921875
vt 0.927115 0.586373984375
vt 0.9237169921875 0.5945539843750001
vt 0.9237169921875 0.5934060156250001
vt 0.927115 0.5926669921875001
vt 0.927115 0.589056015625
vt 0.9237169921875 0.5964189843750001
vt 0.9237169921875 0.5989280078125
vt 0.927115 0.624306015625
vt 0.927115 0.61886
vt 0.9237169921875 0.6171319921875
vt 0.9237169921875 0.6209180078125001
vt 0.927115 0.5847219921875
vt 0.927115 0.584163984375
vt 0.9237169921875 0.5930180078125
vt 0.9237169921875 0.5934060156250001
vt 0.927115 0.6020860156250001
vt 0.927115 0.5970660156250001
vt 0.9237169921875 0.601986015625
vt 0.9237169921875 0.605473984375
vt 0.927115 0.633725
vt 0.927115 0.629325
vt 0.9237169921875 0.624406015625
vt 0.9237169921875 0.6274639843750001
vt 0.927115 0.589056015625
vt 0.927115 0.586373984375
vt 0.9237169921875 0.5945539843750001
vt 0.9237169921875 0.5964189843750001
vt 0.927115 0.613196015625
vt 0.927115 0.6075319921875
vt 0.9237169921875 0.609258984375
vt 0.9237169921875 0.613196015625
vt 0.927115 0.6400180078125
vt 0.927115 0.637335
vt 0.9237169921875 0.6299730078125
vt 0.9237169921875 0.6318380078125
vt 0.927115 0.61886
vt 0.927115 0.613196015625
vt 0.9237169921875 0.613196015625
vt 0.9237169921875 0.6171319921875
vt 0.927115 0.6075319921875
vt 0.927115 0.6020860156250001
vt 0.9237169921875 0.605473984375
vt 0.9237169921875 0.609258984375
vt 0.927115 0.6422280078125
vt 0.927115 0.64167
vt 0.9237169921875 0.632986015625
vt 0.9237169921875 0.6333739843749999
vt 0.927115 0.5970660156250001
vt 0.927115 0.5926669921875001
vt 0.9237169921875 0.5989280078125
vt 0.9237169921875 0.601986015625
vt 0.927115 0.64167
vt 0.927115 0.6400180078125
vt 0.9237169921875 0.6318380078125
vt 0.9237169921875 0.632986015625
vt 0.927115 0.6400180078125
vt 0.927115 0.64167
vt 0.9237169921875 0.632986015625
vt 0.9237169921875 0.6318380078125
vt 0.927115 0.629325
vt 0.927115 0.624306015625
vt 0.9237169921875 0.6209180078125001
vt 0.9237169921875 0.624406015625
vt 0.927115 0.637335
vt 0.927115 0.633725
vt 0.9237169921875 0.6274639843750001
vt 0.9237169921875 0.6299730078125
vt 0.927115 0.633725
vt 0.927115 0.637335
vt 0.9237169921875 0.6299730078125
vt 0.9237169921875 0.6274639843750001
vt 0.9237169921875 0.6171319921875
vt 0.9237169921875 0.6209180078125001
vt 0.921453984375 0.616843984375
vt 0.921453984375 0.615056015625
vt 0.9237169921875 0.5989280078125
vt 0.9237169921875 0.601986015625
vt 0.921453984375 0.607898984375
vt 0.921453984375 0.606455
vt 0.9237169921875 0.609258984375
vt 0.9237169921875 0.613196015625
vt 0.921453984375 0.613196015625
vt 0.921453984375 0.6113360156250001
vt 0.9237169921875 0.5945539843750001
vt 0.9237169921875 0.5964189843750001
vt 0.921453984375 0.605268984375
vt 0.921453984375 0.6043880078125
vt 0.9237169921875 0.601986015625
vt 0.9237169921875 0.605473984375
vt 0.921453984375 0.6095480078125
vt 0.921453984375 0.607898984375
vt 0.9237169921875 0.5930180078125
vt 0.9237169921875 0.5934060156250001
vt 0.921453984375 0.6038460156250001
vt 0.921453984375 0.6036619921874999
vt 0.9237169921875 0.5964189843750001
vt 0.9237169921875 0.5989280078125
vt 0.921453984375 0.606455
vt 0.921453984375 0.605268984375
vt 0.9237169921875 0.5945539843750001
vt 0.9237169921875 0.5934060156250001
vt 0.921453984375 0.6038460156250001
vt 0.921453984375 0.6043880078125
vt 0.9237169921875 0.5934060156250001
vt 0.9237169921875 0.5945539843750001
vt 0.921453984375 0.6043880078125
vt 0.921453984375 0.6038460156250001
vt 0.9237169921875 0.5989280078125
vt 0.9237169921875 0.5964189843750001
vt 0.921453984375 0.605268984375
vt 0.921453984375 0.606455
vt 0.9237169921875 0.6209180078125001
vt 0.9237169921875 0.6171319921875
vt 0.921453984375 0.615056015625
vt 0.921453984375 0.616843984375
vt 0.9237169921875 0.5934060156250001
vt 0.9237169921875 0.5930180078125
vt 0.921453984375 0.6036619921874999
vt 0.921453984375 0.6038460156250001
vt 0.9237169921875 0.605473984375
vt 0.9237169921875 0.601986015625
vt 0.921453984375 0.607898984375
vt 0.921453984375 0.6095480078125
vt 0.9237169921875 0.6274639843750001
vt 0.9237169921875 0.624406015625
vt 0.921453984375 0.6184919921875001
vt 0.921453984375 0.6199369921875
vt 0.9237169921875 0.5964189843750001
vt 0.9237169921875 0.5945539843750001
vt 0.921453984375 0.6043880078125
vt 0.921453984375 0.605268984375
vt 0.9237169921875 0.613196015625
vt 0.9237169921875 0.609258984375
vt 0.921453984375 0.6113360156250001
vt 0.921453984375 0.613196015625
vt 0.9237169921875 0.6318380078125
vt 0.9237169921875 0.6299730078125
vt 0.921453984375 0.6211230078125001
vt 0.921453984375 0.622003984375
vt 0.9237169921875 0.6171319921875
vt 0.9237169921875 0.613196015625
vt 0.921453984375 0.613196015625
vt 0.921453984375 0.615056015625
vt 0.9237169921875 0.609258984375
vt 0.9237169921875 0.605473984375
vt 0.921453984375 0.6095480078125
vt 0.921453984375 0.6113360156250001
vt 0.9237169921875 0.6333739843749999
vt 0.9237169921875 0.632986015625
vt 0.921453984375 0.622546015625
vt 0.921453984375 0.622728984375
vt 0.9237169921875 0.601986015625
vt 0.9237169921875 0.5989280078125
vt 0.921453984375 0.606455
vt 0.921453984375 0.607898984375
vt 0.9237169921875 0.632986015625
vt 0.9237169921875 0.6318380078125
vt 0.921453984375 0.622003984375
vt 0.921453984375 0.622546015625
vt 0.9237169921875 0.6318380078125
vt 0.9237169921875 0.632986015625
vt 0.921453984375 0.622546015625
vt 0.921453984375 0.622003984375
vt 0.9237169921875 0.624406015625
vt 0.9237169921875 0.6209180078125001
vt 0.921453984375 0.616843984375
vt 0.921453984375 0.6184919921875001
vt 0.9237169921875 0.6299730078125
vt 0.9237169921875 0.6274639843750001
vt 0.921453984375 0.6199369921875
vt 0.921453984375 0.6211230078125001
vt 0.9237169921875 0.6274639843750001
vt 0.9237169921875 0.6299730078125
vt 0.921453984375 0.6211230078125001
vt 0.921453984375 0.6199369921875
vt 0.9237169921875 0.632986015625
vt 0.9237169921875 0.6333739843749999
vt 0.921453984375 0.622728984375
vt 0.921453984375 0.622546015625
vt 0.9237169921875 0.6209180078125001
vt 0.9237169921875 0.624406015625
vt 0.921453984375 0.6184919921875001
vt 0.921453984375 0.616843984375
vt 0.9237169921875 0.6299730078125
vt 0.9237169921875 0.6318380078125
vt 0.921453984375 0.622003984375
vt 0.921453984375 0.6211230078125001
vt 0.9237169921875 0.613196015625
vt 0.9237169921875 0.6171319921875
vt 0.921453984375 0.615056015625
vt 0.921453984375 0.613196015625
vt 0.9237169921875 0.624406015625
vt 0.9237169921875 0.6274639843750001
vt 0.921453984375 0.6199369921875
vt 0.921453984375 0.6184919921875001
vt 0.9237169921875 0.605473984375
vt 0.9237169921875 0.609258984375
vt 0.921453984375 0.6113360156250001
vt 0.921453984375 0.6095480078125
vt 0.921453984375 0.605268984375
vt 0.921453984375 0.606455
vt 0.9210580078125 0.610955
vt 0.9210580078125 0.61056
vt 0.921453984375 0.6043880078125
vt 0.921453984375 0.6038460156250001
vt 0.9210580078125 0.6100869921875001
vt 0.9210580078125 0.6102669921875
vt 0.921453984375 0.6038460156250001
vt 0.921453984375 0.6043880078125
vt 0.9210580078125 0.6102669921875
vt 0.9210580078125 0.6100869921875001
vt 0.921453984375 0.606455
vt 0.921453984375 0.605268984375
vt 0.9210580078125 0.61056
vt 0.9210580078125 0.610955
vt 0.921453984375 0.616843984375
vt 0.921453984375 0.615056015625
vt 0.9210580078125 0.613813984375
vt 0.9210580078125 0.614408984375
vt 0.921453984375 0.6038460156250001
vt 0.921453984375 0.6036619921874999
vt 0.9210580078125 0.6100260156249999
vt 0.9210580078125 0.6100869921875001
vt 0.921453984375 0.6095480078125
vt 0.921453984375 0.607898984375
vt 0.9210580078125 0.611435
vt 0.9210580078125 0.6119830078124999
vt 0.921453984375 0.6199369921875
vt 0.921453984375 0.6184919921875001
vt 0.9210580078125 0.6149569921875
vt 0.9210580078125 0.6154369921875
vt 0.921453984375 0.605268984375
vt 0.921453984375 0.6043880078125
vt 0.9210580078125 0.6102669921875
vt 0.9210580078125 0.61056
vt 0.921453984375 0.613196015625
vt 0.921453984375 0.6113360156250001
vt 0.9210580078125 0.6125769921875
vt 0.9210580078125 0.613196015625
vt 0.921453984375 0.622003984375
vt 0.921453984375 0.6211230078125001
vt 0.9210580078125 0.615831015625
vt 0.9210580078125 0.6161239843749999
vt 0.921453984375 0.615056015625
vt 0.921453984375 0.613196015625
vt 0.9210580078125 0.613196015625
vt 0.9210580078125 0.613813984375
vt 0.921453984375 0.6113360156250001
vt 0.921453984375 0.6095480078125
vt 0.9210580078125 0.6119830078124999
vt 0.9210580078125 0.6125769921875
vt 0.921453984375 0.622728984375
vt 0.921453984375 0.622546015625
vt 0.9210580078125 0.616305
vt 0.9210580078125 0.6163660156249999
vt 0.921453984375 0.607898984375
vt 0.921453984375 0.606455
vt 0.9210580078125 0.610955
vt 0.9210580078125 0.611435
vt 0.921453984375 0.622546015625
vt 0.921453984375 0.622003984375
vt 0.9210580078125 0.6161239843749999
vt 0.9210580078125 0.616305
vt 0.921453984375 0.622003984375
vt 0.921453984375 0.622546015625
vt 0.9210580078125 0.616305
vt 0.9210580078125 0.6161239843749999
vt 0.921453984375 0.6184919921875001
vt 0.921453984375 0.616843984375
vt 0.9210580078125 0.614408984375
vt 0.9210580078125 0.6149569921875
vt 0.921453984375 0.6211230078125001
vt 0.921453984375 0.6199369921875
vt 0.9210580078125 0.6154369921875
vt 0.9210580078125 0.615831015625
vt 0.921453984375 0.6199369921875
vt 0.921453984375 0.6211230078125001
vt 0.9210580078125 0.615831015625
vt 0.9210580078125 0.6154369921875
vt 0.921453984375 0.622546015625
vt 0.921453984375 0.622728984375
vt 0.9210580078125 0.6163660156249999
vt 0.9210580078125 0.616305
vt 0.921453984375 0.616843984375
vt 0.921453984375 0.6184919921875001
vt 0.9210580078125 0.6149569921875
vt 0.9210580078125 0.614408984375
vt 0.921453984375 0.6211230078125001
vt 0.921453984375 0.622003984375
vt 0.9210580078125 0.6161239843749999
vt 0.9210580078125 0.615831015625
vt 0.921453984375 0.613196015625
vt 0.921453984375 0.615056015625
vt 0.9210580078125 0.613813984375
vt 0.9210580078125 0.613196015625
vt 0.921453984375 0.6184919921875001
vt 0.921453984375 0.6199369921875
vt 0.9210580078125 0.6154369921875
vt 0.9210580078125 0.6149569921875
vt 0.921453984375 0.6095480078125
vt 0.921453984375 0.6113360156250001
vt 0.9210580078125 0.6125769921875
vt 0.9210580078125 0.6119830078124999
vt 0.921453984375 0.615056015625
vt 0.921453984375 0.616843984375
vt 0.9210580078125 0.614408984375
vt 0.9210580078125 0.613813984375
vt 0.921453984375 0.606455
vt 0.921453984375 0.607898984375
vt 0.9210580078125 0.611435
vt 0.9210580078125 0.610955
vt 0.921453984375 0.6113360156250001
vt 0.921453984375 0.613196015625
vt 0.9210580078125 0.613196015625
vt 0.9210580078125 0.6125769921875
vt 0.921453984375 0.6043880078125
vt 0.921453984375 0.605268984375
vt 0.9210580078125 0.61056
vt 0.9210580078125 0.6102669921875
vt 0.921453984375 0.607898984375
vt 0.921453984375 0.6095480078125
vt 0.9210580078125 0.6119830078124999
vt 0.9210580078125 0.611435
vt 0.921453984375 0.6036619921874999
vt 0.921453984375 0.6038460156250001
vt 0.9210580078125 0.6100869921875001
vt 0.9210580078125 0.6100260156249999
vt 0.9210580078125 0.6154369921875
vt 0.9210580078125 0.6149569921875
vt 0.9210580078125 0.6132469921875
vt 0.9210580078125 0.61056
vt 0.9210580078125 0.6102669921875
vt 0.9210580078125 0.613136015625
vt 0.9210580078125 0.613196015625
vt 0.9210580078125 0.6125769921875
vt 0.9210580078125 0.613196015625
vt 0.9210580078125 0.6161239843749999
vt 0.9210580078125 0.615831015625
vt 0.9210580078125 0.6132630078125
vt 0.9210580078125 0.613813984375
vt 0.9210580078125 0.613196015625
vt 0.9210580078125 0.61321
vt 0.9210580078125 0.6125769921875
vt 0.9210580078125 0.6119830078124999
vt 0.9210580078125 0.6131819921875
vt 0.9210580078125 0.6163660156249999
vt 0.9210580078125 0.616305
vt 0.9210580078125 0.6132680078125
vt 0.9210580078125 0.611435
vt 0.9210580078125 0.610955
vt 0.9210580078125 0.613156015625
vt 0.9210580078125 0.616305
vt 0.9210580078125 0.6161239843749999
vt 0.9210580078125 0.6132630078125
vt 0.9210580078125 0.6132669921875
vt 0.9210580078125 0.6161239843749999
vt 0.9210580078125 0.616305
vt 0.9210580078125 0.6132630078125
vt 0.9210580078125 0.6149569921875
vt 0.9210580078125 0.614408984375
vt 0.9210580078125 0.6132360156250001
vt 0.9210580078125 0.615831015625
vt 0.9210580078125 0.6154369921875
vt 0.9210580078125 0.613256015625
vt 0.9210580078125 0.6154369921875
vt 0.9210580078125 0.615831015625
vt 0.9210580078125 0.6132469921875
vt 0.9210580078125 0.616305
vt 0.9210580078125 0.6163660156249999
vt 0.9210580078125 0.6132669921875
vt 0.9210580078125 0.614408984375
vt 0.9210580078125 0.6149569921875
vt 0.9210580078125 0.613223984375
vt 0.9210580078125 0.615831015625
vt 0.9210580078125 0.6161239843749999
vt 0.9210580078125 0.613256015625
vt 0.9210580078125 0.613196015625
vt 0.9210580078125 0.613813984375
vt 0.9210580078125 0.613196015625
vt 0.9210580078125 0.6149569921875
vt 0.9210580078125 0.6154369921875
vt 0.9210580078125 0.6132360156250001
vt 0.9210580078125 0.6119830078124999
vt 0.9210580078125 0.6125769921875
vt 0.9210580078125 0.6131819921875
vt 0.9210580078125 0.6131680078125
vt 0.9210580078125 0.613813984375
vt 0.9210580078125 0.614408984375
vt 0.9210580078125 0.613223984375
vt 0.9210580078125 0.61321
vt 0.9210580078125 0.610955
vt 0.9210580078125 0.611435
vt 0.9210580078125 0.613145
vt 0.9210580078125 0.6125769921875
vt 0.9210580078125 0.613196015625
vt 0.9210580078125 0.6131819921875
vt 0.9210580078125 0.6102669921875
vt 0.9210580078125 0.61056
vt 0.9210580078125 0.6131289843750001
vt 0.9210580078125 0.611435
vt 0.9210580078125 0.6119830078124999
vt 0.9210580078125 0.613156015625
vt 0.9210580078125 0.6100260156249999
vt 0.9210580078125 0.6100869921875001
vt 0.9210580078125 0.613123984375
vt 0.9210580078125 0.61056
vt 0.9210580078125 0.610955
vt 0.9210580078125 0.613136015625
vt 0.9210580078125 0.6102669921875
vt 0.9210580078125 0.6100869921875001
vt 0.9210580078125 0.6131249999999999
vt 0.9210580078125 0.6131289843750001
vt 0.9210580078125 0.6100869921875001
vt 0.9210580078125 0.6102669921875
vt 0.9210580078125 0.6131249999999999
vt 0.9210580078125 0.610955
vt 0.9210580078125 0.61056
vt 0.9210580078125 0.613145
vt 0.9210580078125 0.614408984375
vt 0.9210580078125 0.613813984375
vt 0.9210580078125 0.613223984375
vt 0.9210580078125 0.6100869921875001
vt 0.9210580078125 0.6100260156249999
vt 0.9210580078125 0.6131249999999999
vt 0.9210580078125 0.6119830078124999
vt 0.9210580078125 0.611435
vt 0.9210580078125 0.6131680078125
vt 0.496296015625 0.28909800781249995
vt 0.053495 0.28909800781249995
vt 0.053495 0.30284999999999995
vt 0.496296015625 0.30284999999999995
vt 0.496296015625 0.210905
vt 0.496296015625 0.189331015625
vt 0.97516 0.18933199218749996
vt 0.97516 0.210905
vt 0.496296015625 0.189331015625
vt 0.496296015625 0.16858699218749995
vt 0.97516 0.16858699218749995
vt 0.97516 0.18933199218749996
vt 0.496296015625 0.16858699218749995
vt 0.496296015625 0.149468984375
vt 0.97516 0.149468984375
vt 0.97516 0.16858699218749995
vt 0.496296015625 0.149468984375
vt 0.496296015625 0.13271199218749996
vt 0.97516 0.13271199218749996
vt 0.97516 0.149468984375
vt 0.496296015625 0.13271199218749996
vt 0.496296015625 0.11895999999999995
vt 0.97516 0.11895999999999995
vt 0.97516 0.13271199218749996
vt 0.496296015625 0.11895999999999995
vt 0.496296015625 0.10874101562500005
vt 0.97516 0.10874101562500005
vt 0.97516 0.11895999999999995
vt 0.496296015625 0.10874101562500005
vt 0.496296015625 0.10244800781249996
vt 0.97516 0.10244800781249996
vt 0.97516 0.10874101562500005
vt 0.496296015625 0.10244800781249996
vt 0.496296015625 0.10032300781250003
vt 0.97516 0.10032300781250003
vt 0.97516 0.10244800781249996
vt 0.496296015625 0.10032300781250003
vt 0.496296015625 0.10244800781249996
vt 0.97516 0.10244800781249996
vt 0.97516 0.10032300781250003
vt 0.496296015625 0.10244800781249996
vt 0.496296015625 0.10874101562500005
vt 0.97516 0.10874101562500005
vt 0.97516 0.10244800781249996
vt 0.496296015625 0.10874101562500005
vt 0.496296015625 0.11895999999999995
vt 0.97516 0.11895999999999995
vt 0.97516 0.10874101562500005
vt 0.496296015625 0.11895999999999995
vt 0.496296015625 0.13271199218749996
vt 0.97516 0.13271199218749996
vt 0.97516 0.11895999999999995
vt 0.496296015625 0.13271199218749996
vt 0.496296015625 0.149468984375
vt 0.97516 0.149468984375
vt 0.97516 0.13271199218749996
vt 0.496296015625 0.149468984375
vt 0.496296015625 0.16858699218749995
vt 0.97516 0.16858699218749995
vt 0.97516 0.149468984375
vt 0.496296015625 0.16858699218749995
vt 0.496296015625 0.189331015625
vt 0.97516 0.18933199218749996
vt 0.97516 0.16858699218749995
vt 0.496296015625 0.189331015625
vt 0.496296015625 0.210905
vt 0.97516 0.210905
vt 0.97516 0.18933199218749996
vt 0.496296015625 0.210905
vt 0.496296015625 0.23247800781250005
vt 0.97516 0.23247800781250005
vt 0.97516 0.210905
vt 0.496296015625 0.23247800781250005
vt 0.496296015625 0.25322199218749997
vt 0.97516 0.25322199218749997
vt 0.97516 0.23247800781250005
vt 0.496296015625 0.25322199218749997
vt 0.496296015625 0.27234
vt 0.97516 0.27234
vt 0.97516 0.25322199218749997
vt 0.496296015625 0.27234
vt 0.496296015625 0.28909800781249995
vt 0.97516 0.28909800781249995
vt 0.97516 0.27234
vt 0.496296015625 0.28909800781249995
vt 0.496296015625 0.30284999999999995
vt 0.97516 0.30284999999999995
vt 0.97516 0.28909800781249995
vt 0.496296015625 0.30284999999999995
vt 0.496296015625 0.31306898437499997
vt 0.97516 0.31306898437499997
vt 0.97516 0.30284999999999995
vt 0.496296015625 0.31306898437499997
vt 0.496296015625 0.31936101562499997
vt 0.97516 0.31936101562499997
vt 0.97516 0.31306898437499997
vt 0.496296015625 0.31936101562499997
vt 0.496296015625 0.321486015625
vt 0.97516 0.321486015625
vt 0.97516 0.31936101562499997
vt 0.496296015625 0.321486015625
vt 0.496296015625 0.31936101562499997
vt 0.97516 0.31936101562499997
vt 0.97516 0.321486015625
vt 0.496296015625 0.31936101562499997
vt 0.496296015625 0.31306898437499997
vt 0.97516 0.31306898437499997
vt 0.97516 0.31936101562499997
vt 0.496296015625 0.31306898437499997
vt 0.496296015625 0.30284999999999995
vt 0.97516 0.30284999999999995
vt 0.97516 0.31306898437499997
vt 0.496296015625 0.30284999999999995
vt 0.496296015625 0.28909800781249995
vt 0.97516 0.28909800781249995
vt 0.97516 0.30284999999999995
vt 0.496296015625 0.28909800781249995
vt 0.496296015625 0.27234
vt 0.97516 0.27234
vt 0.97516 0.28909800781249995
vt 0.496296015625 0.27234
vt 0.496296015625 0.25322199218749997
vt 0.97516 0.25322199218749997
vt 0.97516 0.27234
vt 0.990031015625 0.6246639843749999
vt 0.990031015625 0.618253984375
vt 0.990031015625 0.6123469921875
vt 0.990031015625 0.607168984375
vt 0.496296015625 0.25322199218749997
vt 0.496296015625 0.23247800781250005
vt 0.97516 0.23247800781250005
vt 0.97516 0.25322199218749997
vt 0.496296015625 0.23247800781250005
vt 0.496296015625 0.210905
vt 0.97516 0.210905
vt 0.97516 0.23247800781250005
vt 0.496296015625 0.13271199218749996
vt 0.496296015625 0.11895999999999995
vt 0.053495 0.11895999999999995
vt 0.053495 0.13271199218749996
vt 0.496296015625 0.16858699218749995
vt 0.496296015625 0.149468984375
vt 0.053495 0.149468984375
vt 0.053495 0.16858699218749995
vt 0.496296015625 0.16858699218749995
vt 0.496296015625 0.189331015625
vt 0.053495 0.189331015625
vt 0.053495 0.16858699218749995
vt 0.496296015625 0.31306898437499997
vt 0.496296015625 0.30284999999999995
vt 0.053495 0.30284999999999995
vt 0.053495 0.31306898437499997
vt 0.496296015625 0.11895999999999995
vt 0.496296015625 0.13271199218749996
vt 0.053495 0.13271199218749996
vt 0.053495 0.11895999999999995
vt 0.496296015625 0.189331015625
vt 0.496296015625 0.16858699218749995
vt 0.053495 0.16858699218749995
vt 0.053495 0.189331015625
vt 0.496296015625 0.23247800781250005
vt 0.496296015625 0.25322199218749997
vt 0.053495 0.25322199218749997
vt 0.053495 0.23247800781250005
vt 0.496296015625 0.210905
vt 0.496296015625 0.189331015625
vt 0.053495 0.189331015625
vt 0.053495 0.210905
vt 0.496296015625 0.321486015625
vt 0.496296015625 0.31936101562499997
vt 0.053495 0.31936101562499997
vt 0.053495 0.321486015625
vt 0.496296015625 0.16858699218749995
vt 0.053495 0.16858699218749995
vt 0.053495 0.149468984375
vt 0.496296015625 0.149468984375
vt 0.496296015625 0.13271199218749996
vt 0.496296015625 0.149468984375
vt 0.053495 0.149468984375
vt 0.053495 0.13271199218749996
vt 0.496296015625 0.31936101562499997
vt 0.496296015625 0.31306898437499997
vt 0.053495 0.31306898437499997
vt 0.053495 0.31936101562499997
vt 0.496296015625 0.210905
vt 0.496296015625 0.23247800781250005
vt 0.053495 0.23247800781250005
vt 0.053495 0.210905
vt 0.496296015625 0.23247800781250005
vt 0.496296015625 0.210905
vt 0.053495 0.210905
vt 0.053495 0.23247800781250005
vt 0.496296015625 0.10874101562500005
vt 0.496296015625 0.10244800781249996
vt 0.053495 0.10244800781249996
vt 0.053495 0.10874101562500005
vt 0.496296015625 0.25322199218749997
vt 0.496296015625 0.23247800781250005
vt 0.053495 0.23247800781250005
vt 0.053495 0.25322199218749997
vt 0.496296015625 0.27234
vt 0.496296015625 0.25322199218749997
vt 0.053495 0.25322199218749997
vt 0.053495 0.27234
vt 0.496296015625 0.10874101562500005
vt 0.496296015625 0.11895999999999995
vt 0.053495 0.11895999999999995
vt 0.053495 0.10874101562500005
vt 0.496296015625 0.10032300781250003
vt 0.496296015625 0.10244800781249996
vt 0.053495 0.10244800781249996
vt 0.053495 0.10032300781250003
vt 0.496296015625 0.30284999999999995
vt 0.496296015625 0.28909800781249995
vt 0.053495 0.28909800781249995
vt 0.053495 0.30284999999999995
vt 0.496296015625 0.31306898437499997
vt 0.496296015625 0.31936101562499997
vt 0.053495 0.31936101562499997
vt 0.053495 0.31306898437499997
vt 0.496296015625 0.28909800781249995
vt 0.496296015625 0.27234
vt 0.053495 0.27234
vt 0.053495 0.28909800781249995
vt 0.496296015625 0.11895999999999995
vt 0.496296015625 0.10874101562500005
vt 0.053495 0.10874101562500005
vt 0.053495 0.11895999999999995
vt 0.496296015625 0.189331015625
vt 0.496296015625 0.210905
vt 0.053495 0.210905
vt 0.053495 0.189331015625
vt 0.496296015625 0.10244800781249996
vt 0.496296015625 0.10032300781250003
vt 0.053495 0.10032300781250003
vt 0.053495 0.10244800781249996
vt 0.496296015625 0.27234
vt 0.496296015625 0.28909800781249995
vt 0.053495 0.28909800781249995
vt 0.053495 0.27234
vt 0.496296015625 0.31936101562499997
vt 0.496296015625 0.321486015625
vt 0.053495 0.321486015625
vt 0.053495 0.31936101562499997
vt 0.496296015625 0.30284999999999995
vt 0.496296015625 0.31306898437499997
vt 0.053495 0.31306898437499997
vt 0.053495 0.30284999999999995
vt 0.496296015625 0.25322199218749997
vt 0.496296015625 0.27234
vt 0.053495 0.27234
vt 0.053495 0.25322199218749997
vt 0.496296015625 0.149468984375
vt 0.496296015625 0.13271199218749996
vt 0.053495 0.13271199218749996
vt 0.053495 0.149468984375
vt 0.496296015625 0.10244800781249996
vt 0.496296015625 0.10874101562500005
vt 0.053495 0.10874101562500005
vt 0.053495 0.10244800781249996
vt 0.977876015625 0.5837080078125
vt 0.976943984375 0.5833489843749999
vt 0.976943984375 0.5800310156249999
vt 0.977876015625 0.58043
vt 0.977876015625 0.6459619921875
vt 0.976943984375 0.64636
vt 0.976943984375 0.6430430078125
vt 0.977876015625 0.6426839843750001
vt 0.977876015625 0.620115
vt 0.976943984375 0.620198984375
vt 0.976943984375 0.6269330078124999
vt 0.977876015625 0.6267680078125
vt 0.977876015625 0.613196015625
vt 0.976943984375 0.613196015625
vt 0.976943984375 0.6061930078125
vt 0.977876015625 0.6062769921875
vt 0.977876015625 0.620115
vt 0.976943984375 0.620198984375
vt 0.976943984375 0.613196015625
vt 0.977876015625 0.613196015625
vt 0.977876015625 0.648661015625
vt 0.976943984375 0.6490930078125
vt 0.976943984375 0.6484030078125
vt 0.977876015625 0.64798
vt 0.977876015625 0.6062769921875
vt 0.976943984375 0.6061930078125
vt 0.976943984375 0.599458984375
vt 0.977876015625 0.599623984375
vt 0.977876015625 0.6459619921875
vt 0.976943984375 0.64636
vt 0.976943984375 0.6484030078125
vt 0.977876015625 0.64798
vt 0.977876015625 0.6062769921875
vt 0.976943984375 0.6061930078125
vt 0.976943984375 0.613196015625
vt 0.977876015625 0.613196015625
vt 0.977876015625 0.64798
vt 0.976943984375 0.6484030078125
vt 0.976943984375 0.64636
vt 0.977876015625 0.6459619921875
vt 0.977876015625 0.5934919921874999
vt 0.976943984375 0.5932530078125
vt 0.976943984375 0.5878130078125
vt 0.977876015625 0.5881180078125
vt 0.977876015625 0.638273984375
vt 0.976943984375 0.638578984375
vt 0.976943984375 0.6430430078125
vt 0.977876015625 0.6426839843750001
vt 0.977876015625 0.6426839843750001
vt 0.976943984375 0.6430430078125
vt 0.976943984375 0.638578984375
vt 0.977876015625 0.638273984375
vt 0.977876015625 0.6328989843749999
vt 0.976943984375 0.6331389843749999
vt 0.976943984375 0.6269330078124999
vt 0.977876015625 0.6267680078125
vt 0.977876015625 0.6267680078125
vt 0.976943984375 0.6269330078124999
vt 0.976943984375 0.6331389843749999
vt 0.977876015625 0.6328989843749999
vt 0.977876015625 0.5934919921874999
vt 0.976943984375 0.5932530078125
vt 0.976943984375 0.599458984375
vt 0.977876015625 0.599623984375
vt 0.977876015625 0.613196015625
vt 0.976943984375 0.613196015625
vt 0.976943984375 0.620198984375
vt 0.977876015625 0.620115
vt 0.977876015625 0.599623984375
vt 0.976943984375 0.599458984375
vt 0.976943984375 0.6061930078125
vt 0.977876015625 0.6062769921875
vt 0.977876015625 0.5837080078125
vt 0.976943984375 0.5833489843749999
vt 0.976943984375 0.5878130078125
vt 0.977876015625 0.5881180078125
vt 0.977876015625 0.5881180078125
vt 0.976943984375 0.5878130078125
vt 0.976943984375 0.5932530078125
vt 0.977876015625 0.5934919921874999
vt 0.977876015625 0.64798
vt 0.976943984375 0.6484030078125
vt 0.976943984375 0.6490930078125
vt 0.977876015625 0.648661015625
vt 0.977876015625 0.58043
vt 0.976943984375 0.5800310156249999
vt 0.976943984375 0.5833489843749999
vt 0.977876015625 0.5837080078125
vt 0.977876015625 0.5784119921875
vt 0.976943984375 0.577988984375
vt 0.976943984375 0.5800310156249999
vt 0.977876015625 0.58043
vt 0.977876015625 0.577731015625
vt 0.976943984375 0.577298984375
vt 0.976943984375 0.577988984375
vt 0.977876015625 0.5784119921875
vt 0.977876015625 0.6426839843750001
vt 0.976943984375 0.6430430078125
vt 0.976943984375 0.64636
vt 0.977876015625 0.6459619921875
vt 0.977876015625 0.58043
vt 0.976943984375 0.5800310156249999
vt 0.976943984375 0.577988984375
vt 0.977876015625 0.5784119921875
vt 0.977876015625 0.5784119921875
vt 0.976943984375 0.577988984375
vt 0.976943984375 0.577298984375
vt 0.977876015625 0.577731015625
vt 0.977876015625 0.5881180078125
vt 0.976943984375 0.5878130078125
vt 0.976943984375 0.5833489843749999
vt 0.977876015625 0.5837080078125
vt 0.977876015625 0.6267680078125
vt 0.976943984375 0.6269330078124999
vt 0.976943984375 0.620198984375
vt 0.977876015625 0.620115
vt 0.977876015625 0.6328989843749999
vt 0.976943984375 0.6331389843749999
vt 0.976943984375 0.638578984375
vt 0.977876015625 0.638273984375
vt 0.977876015625 0.599623984375
vt 0.976943984375 0.599458984375
vt 0.976943984375 0.5932530078125
vt 0.977876015625 0.5934919921874999
vt 0.977876015625 0.638273984375
vt 0.976943984375 0.638578984375
vt 0.976943984375 0.6331389843749999
vt 0.977876015625 0.6328989843749999
vt 0.976943984375 0.613196015625
vt 0.9388630078125 0.613196015625
vt 0.9388630078125 0.620198984375
vt 0.976943984375 0.620198984375
vt 0.976943984375 0.6331389843749999
vt 0.9388630078125 0.6331389843749999
vt 0.9388630078125 0.638578984375
vt 0.976943984375 0.638578984375
vt 0.976943984375 0.599458984375
vt 0.9388630078125 0.599458984375
vt 0.9388630078125 0.6061930078125
vt 0.976943984375 0.6061930078125
vt 0.976943984375 0.620198984375
vt 0.9388630078125 0.620198984375
vt 0.9388630078125 0.6269330078124999
vt 0.976943984375 0.6269330078124999
vt 0.976943984375 0.5878130078125
vt 0.9388630078125 0.5878130078125
vt 0.9388630078125 0.5932530078125
vt 0.976943984375 0.5932530078125
vt 0.976943984375 0.6061930078125
vt 0.9388630078125 0.6061930078125
vt 0.9388630078125 0.613196015625
vt 0.976943984375 0.613196015625
vt 0.976943984375 0.5800310156249999
vt 0.9388630078125 0.5800310156249999
vt 0.9388630078125 0.5833489843749999
vt 0.976943984375 0.5833489843749999
vt 0.976943984375 0.5932530078125
vt 0.9388630078125 0.5932530078125
vt 0.9388630078125 0.599458984375
vt 0.976943984375 0.599458984375
vt 0.976943984375 0.577298984375
vt 0.9388630078125 0.577298984375
vt 0.9388630078125 0.577988984375
vt 0.976943984375 0.577988984375
vt 0.976943984375 0.5833489843749999
vt 0.9388630078125 0.5833489843749999
vt 0.9388630078125 0.5878130078125
vt 0.976943984375 0.5878130078125
vt 0.976943984375 0.5800310156249999
vt 0.9388630078125 0.5800310156249999
vt 0.9388630078125 0.577988984375
vt 0.976943984375 0.577988984375
vt 0.976943984375 0.577988984375
vt 0.9388630078125 0.577988984375
vt 0.9388630078125 0.5800310156249999
vt 0.976943984375 0.5800310156249999
vt 0.976943984375 0.5878130078125
vt 0.9388630078125 0.5878130078125
vt 0.9388630078125 0.5833489843749999
vt 0.976943984375 0.5833489843749999
vt 0.976943984375 0.6269330078124999
vt 0.9388630078125 0.6269330078124999
vt 0.9388630078125 0.620198984375
vt 0.976943984375 0.620198984375
vt 0.976943984375 0.577988984375
vt 0.9388630078125 0.577988984375
vt 0.9388630078125 0.577298984375
vt 0.976943984375 0.577298984375
vt 0.976943984375 0.599458984375
vt 0.9388630078125 0.599458984375
vt 0.9388630078125 0.5932530078125
vt 0.976943984375 0.5932530078125
vt 0.976943984375 0.638578984375
vt 0.9388630078125 0.638578984375
vt 0.9388630078125 0.6331389843749999
vt 0.976943984375 0.6331389843749999
vt 0.976943984375 0.5833489843749999
vt 0.9388630078125 0.5833489843749999
vt 0.9388630078125 0.5800310156249999
vt 0.976943984375 0.5800310156249999
vt 0.976943984375 0.613196015625
vt 0.9388630078125 0.613196015625
vt 0.9388630078125 0.6061930078125
vt 0.976943984375 0.6061930078125
vt 0.976943984375 0.64636
vt 0.9388630078125 0.64636
vt 0.9388630078125 0.6430430078125
vt 0.976943984375 0.6430430078125
vt 0.976943984375 0.620198984375
vt 0.9388630078125 0.620198984375
vt 0.9388630078125 0.613196015625
vt 0.976943984375 0.613196015625
vt 0.976943984375 0.6061930078125
vt 0.9388630078125 0.6061930078125
vt 0.9388630078125 0.599458984375
vt 0.976943984375 0.599458984375
vt 0.976943984375 0.6490930078125
vt 0.9388630078125 0.6490930078125
vt 0.9388630078125 0.6484030078125
vt 0.976943984375 0.6484030078125
vt 0.976943984375 0.5932530078125
vt 0.9388630078125 0.5932530078125
vt 0.9388630078125 0.5878130078125
vt 0.976943984375 0.5878130078125
vt 0.976943984375 0.6484030078125
vt 0.9388630078125 0.6484030078125
vt 0.9388630078125 0.64636
vt 0.976943984375 0.64636
vt 0.976943984375 0.64636
vt 0.9388630078125 0.64636
vt 0.9388630078125 0.6484030078125
vt 0.976943984375 0.6484030078125
vt 0.976943984375 0.6331389843749999
vt 0.9388630078125 0.6331389843749999
vt 0.9388630078125 0.6269330078124999
vt 0.976943984375 0.6269330078124999
vt 0.976943984375 0.6430430078125
vt 0.9388630078125 0.6430430078125
vt 0.9388630078125 0.638578984375
vt 0.976943984375 0.638578984375
vt 0.976943984375 0.638578984375
vt 0.9388630078125 0.638578984375
vt 0.9388630078125 0.6430430078125
vt 0.976943984375 0.6430430078125
vt 0.976943984375 0.6484030078125
vt 0.9388630078125 0.6484030078125
vt 0.9388630078125 0.6490930078125
vt 0.976943984375 0.6490930078125
vt 0.976943984375 0.6269330078124999
vt 0.9388630078125 0.6269330078124999
vt 0.9388630078125 0.6331389843749999
vt 0.976943984375 0.6331389843749999
vt 0.976943984375 0.6430430078125
vt 0.9388630078125 0.6430430078125
vt 0.9388630078125 0.64636
vt 0.976943984375 0.64636
vt 0.978243984375 0.6373580078125001
vt 0.978465 0.6379680078125001
vt 0.978465 0.632658984375
vt 0.978243984375 0.63218
vt 0.978243984375 0.60012
vt 0.978465 0.599788984375
vt 0.978465 0.5937319921875
vt 0.978243984375 0.5942119921875
vt 0.978243984375 0.63218
vt 0.978465 0.632658984375
vt 0.978465 0.6379680078125001
vt 0.978243984375 0.6373580078125001
vt 0.978243984375 0.6262719921875
vt 0.978465 0.6266030078125
vt 0.978465 0.620031015625
vt 0.978243984375 0.6198619921874999
vt 0.978243984375 0.589033984375
vt 0.978465 0.5884230078125
vt 0.978465 0.5840669921875
vt 0.978243984375 0.584783984375
vt 0.978243984375 0.5796819921875
vt 0.978465 0.578835
vt 0.978465 0.5781619921875
vt 0.978243984375 0.579026015625
vt 0.978243984375 0.5816269921875
vt 0.978465 0.5808289843750001
vt 0.978465 0.578835
vt 0.978243984375 0.5796819921875
vt 0.978243984375 0.6416069921875001
vt 0.978465 0.642325
vt 0.978465 0.6455630078125
vt 0.978243984375 0.644765
vt 0.978243984375 0.579026015625
vt 0.978465 0.5781619921875
vt 0.978465 0.578835
vt 0.978243984375 0.5796819921875
vt 0.978243984375 0.5796819921875
vt 0.978465 0.578835
vt 0.978465 0.5808289843750001
vt 0.978243984375 0.5816269921875
vt 0.978243984375 0.5816269921875
vt 0.978465 0.5808289843750001
vt 0.978465 0.5840669921875
vt 0.978243984375 0.584783984375
vt 0.978243984375 0.64671
vt 0.978465 0.647556015625
vt 0.978465 0.648228984375
vt 0.978243984375 0.6473660156250001
vt 0.978243984375 0.589033984375
vt 0.978465 0.5884230078125
vt 0.978465 0.5937319921875
vt 0.978243984375 0.5942119921875
vt 0.978243984375 0.584783984375
vt 0.978465 0.5840669921875
vt 0.978465 0.5884230078125
vt 0.978243984375 0.589033984375
vt 0.978243984375 0.60012
vt 0.978465 0.599788984375
vt 0.978465 0.606361015625
vt 0.978243984375 0.60653
vt 0.978243984375 0.613196015625
vt 0.978465 0.613196015625
vt 0.978465 0.620031015625
vt 0.978243984375 0.6198619921874999
vt 0.978243984375 0.5942119921875
vt 0.978465 0.5937319921875
vt 0.978465 0.599788984375
vt 0.978243984375 0.60012
vt 0.978243984375 0.6262719921875
vt 0.978465 0.6266030078125
vt 0.978465 0.632658984375
vt 0.978243984375 0.63218
vt 0.978243984375 0.63218
vt 0.978465 0.632658984375
vt 0.978465 0.6266030078125
vt 0.978243984375 0.6262719921875
vt 0.978243984375 0.6416069921875001
vt 0.978465 0.642325
vt 0.978465 0.6379680078125001
vt 0.978243984375 0.6373580078125001
vt 0.978243984375 0.6373580078125001
vt 0.978465 0.6379680078125001
vt 0.978465 0.642325
vt 0.978243984375 0.6416069921875001
vt 0.978243984375 0.5942119921875
vt 0.978465 0.5937319921875
vt 0.978465 0.5884230078125
vt 0.978243984375 0.589033984375
vt 0.978243984375 0.64671
vt 0.978465 0.647556015625
vt 0.978465 0.6455630078125
vt 0.978243984375 0.644765
vt 0.978243984375 0.60653
vt 0.978465 0.606361015625
vt 0.978465 0.613196015625
vt 0.978243984375 0.613196015625
vt 0.978243984375 0.644765
vt 0.978465 0.6455630078125
vt 0.978465 0.647556015625
vt 0.978243984375 0.64671
vt 0.978243984375 0.60653
vt 0.978465 0.606361015625
vt 0.978465 0.599788984375
vt 0.978243984375 0.60012
vt 0.978243984375 0.6473660156250001
vt 0.978465 0.648228984375
vt 0.978465 0.647556015625
vt 0.978243984375 0.64671
vt 0.978243984375 0.6198619921874999
vt 0.978465 0.620031015625
vt 0.978465 0.613196015625
vt 0.978243984375 0.613196015625
vt 0.978243984375 0.613196015625
vt 0.978465 0.613196015625
vt 0.978465 0.606361015625
vt 0.978243984375 0.60653
vt 0.978243984375 0.6198619921874999
vt 0.978465 0.620031015625
vt 0.978465 0.6266030078125
vt 0.978243984375 0.6262719921875
vt 0.978243984375 0.644765
vt 0.978465 0.6455630078125
vt 0.978465 0.642325
vt 0.978243984375 0.6416069921875001
vt 0.978243984375 0.584783984375
vt 0.978465 0.5840669921875
vt 0.978465 0.5808289843750001
vt 0.978243984375 0.5816269921875
vt 0.978465 0.6379680078125001
vt 0.977876015625 0.638273984375
vt 0.977876015625 0.6328989843749999
vt 0.978465 0.632658984375
vt 0.978465 0.599788984375
vt 0.977876015625 0.599623984375
vt 0.977876015625 0.5934919921874999
vt 0.978465 0.5937319921875
vt 0.978465 0.632658984375
vt 0.977876015625 0.6328989843749999
vt 0.977876015625 0.638273984375
vt 0.978465 0.6379680078125001
vt 0.978465 0.6266030078125
vt 0.977876015625 0.6267680078125
vt 0.977876015625 0.620115
vt 0.978465 0.620031015625
vt 0.978465 0.5884230078125
vt 0.977876015625 0.5881180078125
vt 0.977876015625 0.5837080078125
vt 0.978465 0.5840669921875
vt 0.978465 0.578835
vt 0.977876015625 0.5784119921875
vt 0.977876015625 0.577731015625
vt 0.978465 0.5781619921875
vt 0.978465 0.5808289843750001
vt 0.977876015625 0.58043
vt 0.977876015625 0.5784119921875
vt 0.978465 0.578835
vt 0.978465 0.642325
vt 0.977876015625 0.6426839843750001
vt 0.977876015625 0.6459619921875
vt 0.978465 0.6455630078125
vt 0.978465 0.5781619921875
vt 0.977876015625 0.577731015625
vt 0.977876015625 0.5784119921875
vt 0.978465 0.578835
vt 0.978465 0.578835
vt 0.977876015625 0.5784119921875
vt 0.977876015625 0.58043
vt 0.978465 0.5808289843750001
vt 0.978465 0.5808289843750001
vt 0.977876015625 0.58043
vt 0.977876015625 0.5837080078125
vt 0.978465 0.5840669921875
vt 0.978465 0.647556015625
vt 0.977876015625 0.64798
vt 0.977876015625 0.648661015625
vt 0.978465 0.648228984375
vt 0.978465 0.5884230078125
vt 0.977876015625 0.5881180078125
vt 0.977876015625 0.5934919921874999
vt 0.978465 0.5937319921875
vt 0.978465 0.5840669921875
vt 0.977876015625 0.5837080078125
vt 0.977876015625 0.5881180078125
vt 0.978465 0.5884230078125
vt 0.978465 0.599788984375
vt 0.977876015625 0.599623984375
vt 0.977876015625 0.6062769921875
vt 0.978465 0.606361015625
vt 0.978465 0.613196015625
vt 0.977876015625 0.613196015625
vt 0.977876015625 0.620115
vt 0.978465 0.620031015625
vt 0.978465 0.5937319921875
vt 0.977876015625 0.5934919921874999
vt 0.977876015625 0.599623984375
vt 0.978465 0.599788984375
vt 0.978465 0.6266030078125
vt 0.977876015625 0.6267680078125
vt 0.977876015625 0.6328989843749999
vt 0.978465 0.632658984375
vt 0.978465 0.632658984375
vt 0.977876015625 0.6328989843749999
vt 0.977876015625 0.6267680078125
vt 0.978465 0.6266030078125
vt 0.978465 0.642325
vt 0.977876015625 0.6426839843750001
vt 0.977876015625 0.638273984375
vt 0.978465 0.6379680078125001
vt 0.978465 0.6379680078125001
vt 0.977876015625 0.638273984375
vt 0.977876015625 0.6426839843750001
vt 0.978465 0.642325
vt 0.978465 0.5937319921875
vt 0.977876015625 0.5934919921874999
vt 0.977876015625 0.5881180078125
vt 0.978465 0.5884230078125
vt 0.978465 0.647556015625
vt 0.977876015625 0.64798
vt 0.977876015625 0.6459619921875
vt 0.978465 0.6455630078125
vt 0.978465 0.606361015625
vt 0.977876015625 0.6062769921875
vt 0.977876015625 0.613196015625
vt 0.978465 0.613196015625
vt 0.978465 0.6455630078125
vt 0.977876015625 0.6459619921875
vt 0.977876015625 0.64798
vt 0.978465 0.647556015625
vt 0.978465 0.606361015625
vt 0.977876015625 0.6062769921875
vt 0.977876015625 0.599623984375
vt 0.978465 0.599788984375
vt 0.978465 0.648228984375
vt 0.977876015625 0.648661015625
vt 0.977876015625 0.64798
vt 0.978465 0.647556015625
vt 0.978465 0.620031015625
vt 0.977876015625 0.620115
vt 0.977876015625 0.613196015625
vt 0.978465 0.613196015625
vt 0.978465 0.613196015625
vt 0.977876015625 0.613196015625
vt 0.977876015625 0.6062769921875
vt 0.978465 0.606361015625
vt 0.978465 0.620031015625
vt 0.977876015625 0.620115
vt 0.977876015625 0.6267680078125
vt 0.978465 0.6266030078125
vt 0.978465 0.6455630078125
vt 0.977876015625 0.6459619921875
vt 0.977876015625 0.6426839843750001
vt 0.978465 0.642325
vt 0.978465 0.5840669921875
vt 0.977876015625 0.5837080078125
vt 0.977876015625 0.58043
vt 0.978465 0.5808289843750001
vt 0.9388630078125 0.6430430078125
vt 0.932001015625 0.641958984375
vt 0.932001015625 0.645156015625
vt 0.9388630078125 0.64636
vt 0.9388630078125 0.613196015625
vt 0.932001015625 0.613196015625
vt 0.932001015625 0.619945
vt 0.9388630078125 0.620198984375
vt 0.9388630078125 0.6331389843749999
vt 0.932001015625 0.632415
vt 0.932001015625 0.6376569921874999
vt 0.9388630078125 0.638578984375
vt 0.9388630078125 0.599458984375
vt 0.932001015625 0.5999580078125
vt 0.932001015625 0.6064469921875
vt 0.9388630078125 0.6061930078125
vt 0.9388630078125 0.620198984375
vt 0.932001015625 0.619945
vt 0.932001015625 0.626433984375
vt 0.9388630078125 0.6269330078124999
vt 0.9388630078125 0.5878130078125
vt 0.932001015625 0.588735
vt 0.932001015625 0.5939769921875
vt 0.9388630078125 0.5932530078125
vt 0.9388630078125 0.6061930078125
vt 0.932001015625 0.6064469921875
vt 0.932001015625 0.613196015625
vt 0.9388630078125 0.613196015625
vt 0.9388630078125 0.5800310156249999
vt 0.932001015625 0.581236015625
vt 0.932001015625 0.5844330078125
vt 0.9388630078125 0.5833489843749999
vt 0.9388630078125 0.5932530078125
vt 0.932001015625 0.5939769921875
vt 0.932001015625 0.5999580078125
vt 0.9388630078125 0.599458984375
vt 0.9388630078125 0.577298984375
vt 0.932001015625 0.5786030078125
vt 0.932001015625 0.5792669921875
vt 0.9388630078125 0.577988984375
vt 0.9388630078125 0.5833489843749999
vt 0.932001015625 0.5844330078125
vt 0.932001015625 0.588735
vt 0.9388630078125 0.5878130078125
vt 0.9388630078125 0.5800310156249999
vt 0.932001015625 0.581236015625
vt 0.932001015625 0.5792669921875
vt 0.9388630078125 0.577988984375
vt 0.9388630078125 0.577988984375
vt 0.932001015625 0.5792669921875
vt 0.932001015625 0.581236015625
vt 0.9388630078125 0.5800310156249999
vt 0.9388630078125 0.5878130078125
vt 0.932001015625 0.588735
vt 0.932001015625 0.5844330078125
vt 0.9388630078125 0.5833489843749999
vt 0.9388630078125 0.6269330078124999
vt 0.932001015625 0.626433984375
vt 0.932001015625 0.619945
vt 0.9388630078125 0.620198984375
vt 0.9388630078125 0.577988984375
vt 0.932001015625 0.5792669921875
vt 0.932001015625 0.5786030078125
vt 0.9388630078125 0.577298984375
vt 0.9388630078125 0.599458984375
vt 0.932001015625 0.5999580078125
vt 0.932001015625 0.5939769921875
vt 0.9388630078125 0.5932530078125
vt 0.9388630078125 0.638578984375
vt 0.932001015625 0.6376569921874999
vt 0.932001015625 0.632415
vt 0.9388630078125 0.6331389843749999
vt 0.9388630078125 0.5833489843749999
vt 0.932001015625 0.5844330078125
vt 0.932001015625 0.581236015625
vt 0.9388630078125 0.5800310156249999
vt 0.9388630078125 0.613196015625
vt 0.932001015625 0.613196015625
vt 0.932001015625 0.6064469921875
vt 0.9388630078125 0.6061930078125
vt 0.9388630078125 0.64636
vt 0.932001015625 0.645156015625
vt 0.932001015625 0.641958984375
vt 0.9388630078125 0.6430430078125
vt 0.9388630078125 0.620198984375
vt 0.932001015625 0.619945
vt 0.932001015625 0.613196015625
vt 0.9388630078125 0.613196015625
vt 0.9388630078125 0.6061930078125
vt 0.932001015625 0.6064469921875
vt 0.932001015625 0.5999580078125
vt 0.9388630078125 0.599458984375
vt 0.9388630078125 0.6490930078125
vt 0.932001015625 0.647788984375
vt 0.932001015625 0.6471239843750001
vt 0.9388630078125 0.6484030078125
vt 0.9388630078125 0.5932530078125
vt 0.932001015625 0.5939769921875
vt 0.932001015625 0.588735
vt 0.9388630078125 0.5878130078125
vt 0.9388630078125 0.6484030078125
vt 0.932001015625 0.6471239843750001
vt 0.932001015625 0.645156015625
vt 0.9388630078125 0.64636
vt 0.9388630078125 0.64636
vt 0.932001015625 0.645156015625
vt 0.932001015625 0.6471239843750001
vt 0.9388630078125 0.6484030078125
vt 0.9388630078125 0.6331389843749999
vt 0.932001015625 0.632415
vt 0.932001015625 0.626433984375
vt 0.9388630078125 0.6269330078124999
vt 0.9388630078125 0.6430430078125
vt 0.932001015625 0.641958984375
vt 0.932001015625 0.6376569921874999
vt 0.9388630078125 0.638578984375
vt 0.9388630078125 0.638578984375
vt 0.932001015625 0.6376569921874999
vt 0.932001015625 0.641958984375
vt 0.9388630078125 0.6430430078125
vt 0.9388630078125 0.6484030078125
vt 0.932001015625 0.6471239843750001
vt 0.932001015625 0.647788984375
vt 0.9388630078125 0.6490930078125
vt 0.9388630078125 0.6269330078124999
vt 0.932001015625 0.626433984375
vt 0.932001015625 0.632415
vt 0.9388630078125 0.6331389843749999
vt 0.932001015625 0.619945
vt 0.927115 0.61886
vt 0.927115 0.613196015625
vt 0.932001015625 0.613196015625
vt 0.932001015625 0.6064469921875
vt 0.927115 0.6075319921875
vt 0.927115 0.6020860156250001
vt 0.932001015625 0.5999580078125
vt 0.932001015625 0.647788984375
vt 0.927115 0.6422280078125
vt 0.927115 0.64167
vt 0.932001015625 0.6471239843750001
vt 0.932001015625 0.5939769921875
vt 0.927115 0.5970660156250001
vt 0.927115 0.5926669921875001
vt 0.932001015625 0.588735
vt 0.932001015625 0.6471239843750001
vt 0.927115 0.64167
vt 0.927115 0.6400180078125
vt 0.932001015625 0.645156015625
vt 0.932001015625 0.645156015625
vt 0.927115 0.6400180078125
vt 0.927115 0.64167
vt 0.932001015625 0.6471239843750001
vt 0.932001015625 0.632415
vt 0.927115 0.629325
vt 0.927115 0.624306015625
vt 0.932001015625 0.626433984375
vt 0.932001015625 0.641958984375
vt 0.927115 0.637335
vt 0.927115 0.633725
vt 0.932001015625 0.6376569921874999
vt 0.932001015625 0.6376569921874999
vt 0.927115 0.633725
vt 0.927115 0.637335
vt 0.932001015625 0.641958984375
vt 0.932001015625 0.6471239843750001
vt 0.927115 0.64167
vt 0.927115 0.6422280078125
vt 0.932001015625 0.647788984375
vt 0.932001015625 0.626433984375
vt 0.927115 0.624306015625
vt 0.927115 0.629325
vt 0.932001015625 0.632415
vt 0.932001015625 0.641958984375
vt 0.927115 0.637335
vt 0.927115 0.6400180078125
vt 0.932001015625 0.645156015625
vt 0.932001015625 0.613196015625
vt 0.927115 0.613196015625
vt 0.927115 0.61886
vt 0.932001015625 0.619945
vt 0.932001015625 0.632415
vt 0.927115 0.629325
vt 0.927115 0.633725
vt 0.932001015625 0.6376569921874999
vt 0.932001015625 0.5999580078125
vt 0.927115 0.6020860156250001
vt 0.927115 0.6075319921875
vt 0.932001015625 0.6064469921875
vt 0.932001015625 0.619945
vt 0.927115 0.61886
vt 0.927115 0.624306015625
vt 0.932001015625 0.626433984375
vt 0.932001015625 0.588735
vt 0.927115 0.5926669921875001
vt 0.927115 0.5970660156250001
vt 0.932001015625 0.5939769921875
vt 0.932001015625 0.6064469921875
vt 0.927115 0.6075319921875
vt 0.927115 0.613196015625
vt 0.932001015625 0.613196015625
vt 0.932001015625 0.581236015625
vt 0.927115 0.586373984375
vt 0.927115 0.589056015625
vt 0.932001015625 0.5844330078125
vt 0.932001015625 0.5939769921875
vt 0.927115 0.5970660156250001
vt 0.927115 0.6020860156250001
vt 0.932001015625 0.5999580078125
vt 0.932001015625 0.5786030078125
vt 0.927115 0.584163984375
vt 0.927115 0.5847219921875
vt 0.932001015625 0.5792669921875
vt 0.932001015625 0.5844330078125
vt 0.927115 0.589056015625
vt 0.927115 0.5926669921875001
vt 0.932001015625 0.588735
vt 0.932001015625 0.581236015625
vt 0.927115 0.586373984375
vt 0.927115 0.5847219921875
vt 0.932001015625 0.5792669921875
vt 0.932001015625 0.5792669921875
vt 0.927115 0.5847219921875
vt 0.927115 0.586373984375
vt 0.932001015625 0.581236015625
vt 0.932001015625 0.588735
vt 0.927115 0.5926669921875001
vt 0.927115 0.589056015625
vt 0.932001015625 0.5844330078125
vt 0.932001015625 0.626433984375
vt 0.927115 0.624306015625
vt 0.927115 0.61886
vt 0.932001015625 0.619945
vt 0.932001015625 0.5792669921875
vt 0.927115 0.5847219921875
vt 0.927115 0.584163984375
vt 0.932001015625 0.5786030078125
vt 0.932001015625 0.5999580078125
vt 0.927115 0.6020860156250001
vt 0.927115 0.5970660156250001
vt 0.932001015625 0.5939769921875
vt 0.932001015625 0.6376569921874999
vt 0.927115 0.633725
vt 0.927115 0.629325
vt 0.932001015625 0.632415
vt 0.932001015625 0.5844330078125
vt 0.927115 0.589056015625
vt 0.927115 0.586373984375
vt 0.932001015625 0.581236015625
vt 0.932001015625 0.613196015625
vt 0.927115 0.613196015625
vt 0.927115 0.6075319921875
vt 0.932001015625 0.6064469921875
vt 0.932001015625 0.645156015625
vt 0.927115 0.6400180078125
vt 0.927115 0.637335
vt 0.932001015625 0.641958984375
vt 0.927115 0.64167
vt 0.9237169921875 0.632986015625
vt 0.9237169921875 0.6333739843749999
vt 0.927115 0.6422280078125
vt 0.927115 0.624306015625
vt 0.9237169921875 0.6209180078125001
vt 0.9237169921875 0.624406015625
vt 0.927115 0.629325
vt 0.927115 0.637335
vt 0.9237169921875 0.6299730078125
vt 0.9237169921875 0.6318380078125
vt 0.927115 0.6400180078125
vt 0.927115 0.613196015625
vt 0.9237169921875 0.613196015625
vt 0.9237169921875 0.6171319921875
vt 0.927115 0.61886
vt 0.927115 0.629325
vt 0.9237169921875 0.624406015625
vt 0.9237169921875 0.6274639843750001
vt 0.927115 0.633725
vt 0.927115 0.6020860156250001
vt 0.9237169921875 0.605473984375
vt 0.9237169921875 0.609258984375
vt 0.927115 0.6075319921875
vt 0.927115 0.61886
vt 0.9237169921875 0.6171319921875
vt 0.9237169921875 0.6209180078125001
vt 0.927115 0.624306015625
vt 0.927115 0.5926669921875001
vt 0.9237169921875 0.5989280078125
vt 0.9237169921875 0.601986015625
vt 0.927115 0.5970660156250001
vt 0.927115 0.6075319921875
vt 0.9237169921875 0.609258984375
vt 0.9237169921875 0.613196015625
vt 0.927115 0.613196015625
vt 0.927115 0.586373984375
vt 0.9237169921875 0.5945539843750001
vt 0.9237169921875 0.5964189843750001
vt 0.927115 0.589056015625
vt 0.927115 0.5970660156250001
vt 0.9237169921875 0.601986015625
vt 0.9237169921875 0.605473984375
vt 0.927115 0.6020860156250001
vt 0.927115 0.584163984375
vt 0.9237169921875 0.5930180078125
vt 0.9237169921875 0.5934060156250001
vt 0.927115 0.5847219921875
vt 0.927115 0.589056015625
vt 0.9237169921875 0.5964189843750001
vt 0.9237169921875 0.5989280078125
vt 0.927115 0.5926669921875001
vt 0.927115 0.586373984375
vt 0.9237169921875 0.5945539843750001
vt 0.9237169921875 0.5934060156250001
vt 0.927115 0.5847219921875
vt 0.927115 0.5847219921875
vt 0.9237169921875 0.5934060156250001
vt 0.9237169921875 0.5945539843750001
vt 0.927115 0.586373984375
vt 0.927115 0.5926669921875001
vt 0.9237169921875 0.5989280078125
vt 0.9237169921875 0.5964189843750001
vt 0.927115 0.589056015625
vt 0.927115 0.624306015625
vt 0.9237169921875 0.6209180078125001
vt 0.9237169921875 0.6171319921875
vt 0.927115 0.61886
vt 0.927115 0.5847219921875
vt 0.9237169921875 0.5934060156250001
vt 0.9237169921875 0.5930180078125
vt 0.927115 0.584163984375
vt 0.927115 0.6020860156250001
vt 0.9237169921875 0.605473984375
vt 0.9237169921875 0.601986015625
vt 0.927115 0.5970660156250001
vt 0.927115 0.633725
vt 0.9237169921875 0.6274639843750001
vt 0.9237169921875 0.624406015625
vt 0.927115 0.629325
vt 0.927115 0.589056015625
vt 0.9237169921875 0.5964189843750001
vt 0.9237169921875 0.5945539843750001
vt 0.927115 0.586373984375
vt 0.927115 0.613196015625
vt 0.9237169921875 0.613196015625
vt 0.9237169921875 0.609258984375
vt 0.927115 0.6075319921875
vt 0.927115 0.6400180078125
vt 0.9237169921875 0.6318380078125
vt 0.9237169921875 0.6299730078125
vt 0.927115 0.637335
vt 0.927115 0.61886
vt 0.9237169921875 0.6171319921875
vt 0.9237169921875 0.613196015625
vt 0.927115 0.613196015625
vt 0.927115 0.6075319921875
vt 0.9237169921875 0.609258984375
vt 0.9237169921875 0.605473984375
vt 0.927115 0.6020860156250001
vt 0.927115 0.6422280078125
vt 0.9237169921875 0.6333739843749999
vt 0.9237169921875 0.632986015625
vt 0.927115 0.64167
vt 0.927115 0.5970660156250001
vt 0.9237169921875 0.601986015625
vt 0.9237169921875 0.5989280078125
vt 0.927115 0.5926669921875001
vt 0.927115 0.64167
vt 0.9237169921875 0.632986015625
vt 0.9237169921875 0.6318380078125
vt 0.927115 0.6400180078125
vt 0.927115 0.6400180078125
vt 0.9237169921875 0.6318380078125
vt 0.9237169921875 0.632986015625
vt 0.927115 0.64167
vt 0.927115 0.629325
vt 0.9237169921875 0.624406015625
vt 0.9237169921875 0.6209180078125001
vt 0.927115 0.624306015625
vt 0.927115 0.637335
vt 0.9237169921875 0.6299730078125
vt 0.9237169921875 0.6274639843750001
vt 0.927115 0.633725
vt 0.927115 0.633725
vt 0.9237169921875 0.6274639843750001
vt 0.9237169921875 0.6299730078125
vt 0.927115 0.637335
vt 0.9237169921875 0.6171319921875
vt 0.921453984375 0.615056015625
vt 0.921453984375 0.616843984375
vt 0.9237169921875 0.6209180078125001
vt 0.9237169921875 0.5989280078125
vt 0.921453984375 0.606455
vt 0.921453984375 0.607898984375
vt 0.9237169921875 0.601986015625
vt 0.9237169921875 0.609258984375
vt 0.921453984375 0.6113360156250001
vt 0.921453984375 0.613196015625
vt 0.9237169921875 0.613196015625
vt 0.9237169921875 0.5945539843750001
vt 0.921453984375 0.6043880078125
vt 0.921453984375 0.605268984375
vt 0.9237169921875 0.5964189843750001
vt 0.9237169921875 0.601986015625
vt 0.921453984375 0.607898984375
vt 0.921453984375 0.6095480078125
vt 0.9237169921875 0.605473984375
vt 0.9237169921875 0.5930180078125
vt 0.921453984375 0.6036619921874999
vt 0.921453984375 0.6038460156250001
vt 0.9237169921875 0.5934060156250001
vt 0.9237169921875 0.5964189843750001
vt 0.921453984375 0.605268984375
vt 0.921453984375 0.606455
vt 0.9237169921875 0.5989280078125
vt 0.9237169921875 0.5945539843750001
vt 0.921453984375 0.6043880078125
vt 0.921453984375 0.6038460156250001
vt 0.9237169921875 0.5934060156250001
vt 0.9237169921875 0.5934060156250001
vt 0.921453984375 0.6038460156250001
vt 0.921453984375 0.6043880078125
vt 0.9237169921875 0.5945539843750001
vt 0.9237169921875 0.5989280078125
vt 0.921453984375 0.606455
vt 0.921453984375 0.605268984375
vt 0.9237169921875 0.5964189843750001
vt 0.9237169921875 0.6209180078125001
vt 0.921453984375 0.616843984375
vt 0.921453984375 0.615056015625
vt 0.9237169921875 0.6171319921875
vt 0.9237169921875 0.5934060156250001
vt 0.921453984375 0.6038460156250001
vt 0.921453984375 0.6036619921874999
vt 0.9237169921875 0.5930180078125
vt 0.9237169921875 0.605473984375
vt 0.921453984375 0.6095480078125
vt 0.921453984375 0.607898984375
vt 0.9237169921875 0.601986015625
vt 0.9237169921875 0.6274639843750001
vt 0.921453984375 0.6199369921875
vt 0.921453984375 0.6184919921875001
vt 0.9237169921875 0.624406015625
vt 0.9237169921875 0.5964189843750001
vt 0.921453984375 0.605268984375
vt 0.921453984375 0.6043880078125
vt 0.9237169921875 0.5945539843750001
vt 0.9237169921875 0.613196015625
vt 0.921453984375 0.613196015625
vt 0.921453984375 0.6113360156250001
vt 0.9237169921875 0.609258984375
vt 0.9237169921875 0.6318380078125
vt 0.921453984375 0.622003984375
vt 0.921453984375 0.6211230078125001
vt 0.9237169921875 0.6299730078125
vt 0.9237169921875 0.6171319921875
vt 0.921453984375 0.615056015625
vt 0.921453984375 0.613196015625
vt 0.9237169921875 0.613196015625
vt 0.9237169921875 0.609258984375
vt 0.921453984375 0.6113360156250001
vt 0.921453984375 0.6095480078125
vt 0.9237169921875 0.605473984375
vt 0.9237169921875 0.6333739843749999
vt 0.921453984375 0.622728984375
vt 0.921453984375 0.622546015625
vt 0.9237169921875 0.632986015625
vt 0.9237169921875 0.601986015625
vt 0.921453984375 0.607898984375
vt 0.921453984375 0.606455
vt 0.9237169921875 0.5989280078125
vt 0.9237169921875 0.632986015625
vt 0.921453984375 0.622546015625
vt 0.921453984375 0.622003984375
vt 0.9237169921875 0.6318380078125
vt 0.9237169921875 0.6318380078125
vt 0.921453984375 0.622003984375
vt 0.921453984375 0.622546015625
vt 0.9237169921875 0.632986015625
vt 0.9237169921875 0.624406015625
vt 0.921453984375 0.6184919921875001
vt 0.921453984375 0.616843984375
vt 0.9237169921875 0.6209180078125001
vt 0.9237169921875 0.6299730078125
vt 0.921453984375 0.6211230078125001
vt 0.921453984375 0.6199369921875
vt 0.9237169921875 0.6274639843750001
vt 0.9237169921875 0.6274639843750001
vt 0.921453984375 0.6199369921875
vt 0.921453984375 0.6211230078125001
vt 0.9237169921875 0.6299730078125
vt 0.9237169921875 0.632986015625
vt 0.921453984375 0.622546015625
vt 0.921453984375 0.622728984375
vt 0.9237169921875 0.6333739843749999
vt 0.9237169921875 0.6209180078125001
vt 0.921453984375 0.616843984375
vt 0.921453984375 0.6184919921875001
vt 0.9237169921875 0.624406015625
vt 0.9237169921875 0.6299730078125
vt 0.921453984375 0.6211230078125001
vt 0.921453984375 0.622003984375
vt 0.9237169921875 0.6318380078125
vt 0.9237169921875 0.613196015625
vt 0.921453984375 0.613196015625
vt 0.921453984375 0.615056015625
vt 0.9237169921875 0.6171319921875
vt 0.9237169921875 0.624406015625
vt 0.921453984375 0.6184919921875001
vt 0.921453984375 0.6199369921875
vt 0.9237169921875 0.6274639843750001
vt 0.9237169921875 0.605473984375
vt 0.921453984375 0.6095480078125
vt 0.921453984375 0.6113360156250001
vt 0.9237169921875 0.609258984375
vt 0.921453984375 0.605268984375
vt 0.9210580078125 0.61056
vt 0.9210580078125 0.610955
vt 0.921453984375 0.606455
vt 0.921453984375 0.6043880078125
vt 0.9210580078125 0.6102669921875
vt 0.9210580078125 0.6100869921875001
vt 0.921453984375 0.6038460156250001
vt 0.921453984375 0.6038460156250001
vt 0.9210580078125 0.6100869921875001
vt 0.9210580078125 0.6102669921875
vt 0.921453984375 0.6043880078125
vt 0.921453984375 0.606455
vt 0.9210580078125 0.610955
vt 0.9210580078125 0.61056
vt 0.921453984375 0.605268984375
vt 0.921453984375 0.616843984375
vt 0.9210580078125 0.614408984375
vt 0.9210580078125 0.613813984375
vt 0.921453984375 0.615056015625
vt 0.921453984375 0.6038460156250001
vt 0.9210580078125 0.6100869921875001
vt 0.9210580078125 0.6100260156249999
vt 0.921453984375 0.6036619921874999
vt 0.921453984375 0.6095480078125
vt 0.9210580078125 0.6119830078124999
vt 0.9210580078125 0.611435
vt 0.921453984375 0.607898984375
vt 0.921453984375 0.6199369921875
vt 0.9210580078125 0.6154369921875
vt 0.9210580078125 0.6149569921875
vt 0.921453984375 0.6184919921875001
vt 0.921453984375 0.605268984375
vt 0.9210580078125 0.61056
vt 0.9210580078125 0.6102669921875
vt 0.921453984375 0.6043880078125
vt 0.921453984375 0.613196015625
vt 0.9210580078125 0.613196015625
vt 0.9210580078125 0.6125769921875
vt 0.921453984375 0.6113360156250001
vt 0.921453984375 0.622003984375
vt 0.9210580078125 0.6161239843749999
vt 0.9210580078125 0.615831015625
vt 0.921453984375 0.6211230078125001
vt 0.921453984375 0.615056015625
vt 0.9210580078125 0.613813984375
vt 0.9210580078125 0.613196015625
vt 0.921453984375 0.613196015625
vt 0.921453984375 0.6113360156250001
vt 0.9210580078125 0.6125769921875
vt 0.9210580078125 0.6119830078124999
vt 0.921453984375 0.6095480078125
vt 0.921453984375 0.622728984375
vt 0.9210580078125 0.6163660156249999
vt 0.9210580078125 0.616305
vt 0.921453984375 0.622546015625
vt 0.921453984375 0.607898984375
vt 0.9210580078125 0.611435
vt 0.9210580078125 0.610955
vt 0.921453984375 0.606455
vt 0.921453984375 0.622546015625
vt 0.9210580078125 0.616305
vt 0.9210580078125 0.6161239843749999
vt 0.921453984375 0.622003984375
vt 0.921453984375 0.622003984375
vt 0.9210580078125 0.6161239843749999
vt 0.9210580078125 0.616305
vt 0.921453984375 0.622546015625
vt 0.921453984375 0.6184919921875001
vt 0.9210580078125 0.6149569921875
vt 0.9210580078125 0.614408984375
vt 0.921453984375 0.616843984375
vt 0.921453984375 0.6211230078125001
vt 0.9210580078125 0.615831015625
vt 0.9210580078125 0.6154369921875
vt 0.921453984375 0.6199369921875
vt 0.921453984375 0.6199369921875
vt 0.9210580078125 0.6154369921875
vt 0.9210580078125 0.615831015625
vt 0.921453984375 0.6211230078125001
vt 0.921453984375 0.622546015625
vt 0.9210580078125 0.616305
vt 0.9210580078125 0.6163660156249999
vt 0.921453984375 0.622728984375
vt 0.921453984375 0.616843984375
vt 0.9210580078125 0.614408984375
vt 0.9210580078125 0.6149569921875
vt 0.921453984375 0.6184919921875001
vt 0.921453984375 0.6211230078125001
vt 0.9210580078125 0.615831015625
vt 0.9210580078125 0.6161239843749999
vt 0.921453984375 0.622003984375
vt 0.921453984375 0.613196015625
vt 0.9210580078125 0.613196015625
vt 0.9210580078125 0.613813984375
vt 0.921453984375 0.615056015625
vt 0.921453984375 0.6184919921875001
vt 0.9210580078125 0.6149569921875
vt 0.9210580078125 0.6154369921875
vt 0.921453984375 0.6199369921875
vt 0.921453984375 0.6095480078125
vt 0.9210580078125 0.6119830078124999
vt 0.9210580078125 0.6125769921875
vt 0.921453984375 0.6113360156250001
vt 0.921453984375 0.615056015625
vt 0.9210580078125 0.613813984375
vt 0.9210580078125 0.614408984375
vt 0.921453984375 0.616843984375
vt 0.921453984375 0.606455
vt 0.9210580078125 0.610955
vt 0.9210580078125 0.611435
vt 0.921453984375 0.607898984375
vt 0.921453984375 0.6113360156250001
vt 0.9210580078125 0.6125769921875
vt 0.9210580078125 0.613196015625
vt 0.921453984375 0.613196015625
vt 0.921453984375 0.6043880078125
vt 0.9210580078125 0.6102669921875
vt 0.9210580078125 0.61056
vt 0.921453984375 0.605268984375
vt 0.921453984375 0.607898984375
vt 0.9210580078125 0.611435
vt 0.9210580078125 0.6119830078124999
vt 0.921453984375 0.6095480078125
vt 0.921453984375 0.6036619921874999
vt 0.9210580078125 0.6100260156249999
vt 0.9210580078125 0.6100869921875001
vt 0.921453984375 0.6038460156250001
vt 0.9210580078125 0.6154369921875
vt 0.9210580078125 0.6132360156250001
vt 0.9210580078125 0.6149569921875
vt 0.9210580078125 0.61056
vt 0.9210580078125 0.6131289843750001
vt 0.9210580078125 0.6102669921875
vt 0.9210580078125 0.613196015625
vt 0.9210580078125 0.6131819921875
vt 0.9210580078125 0.6125769921875
vt 0.9210580078125 0.6161239843749999
vt 0.9210580078125 0.6132630078125
vt 0.9210580078125 0.613256015625
vt 0.9210580078125 0.615831015625
vt 0.9210580078125 0.613813984375
vt 0.9210580078125 0.613196015625
vt 0.9210580078125 0.613196015625
vt 0.9210580078125 0.6125769921875
vt 0.9210580078125 0.6131680078125
vt 0.9210580078125 0.6119830078124999
vt 0.9210580078125 0.6163660156249999
vt 0.9210580078125 0.6132669921875
vt 0.9210580078125 0.616305
vt 0.9210580078125 0.611435
vt 0.9210580078125 0.613156015625
vt 0.9210580078125 0.613145
vt 0.9210580078125 0.610955
vt 0.9210580078125 0.616305
vt 0.9210580078125 0.6132630078125
vt 0.9210580078125 0.6161239843749999
vt 0.9210580078125 0.6161239843749999
vt 0.9210580078125 0.6132669921875
vt 0.9210580078125 0.616305
vt 0.9210580078125 0.6149569921875
vt 0.9210580078125 0.613223984375
vt 0.9210580078125 0.614408984375
vt 0.9210580078125 0.615831015625
vt 0.9210580078125 0.6132469921875
vt 0.9210580078125 0.6154369921875
vt 0.9210580078125 0.6154369921875
vt 0.9210580078125 0.613256015625
vt 0.9210580078125 0.615831015625
vt 0.9210580078125 0.616305
vt 0.9210580078125 0.6132680078125
vt 0.9210580078125 0.6163660156249999
vt 0.9210580078125 0.614408984375
vt 0.9210580078125 0.6132360156250001
vt 0.9210580078125 0.6149569921875
vt 0.9210580078125 0.615831015625
vt 0.9210580078125 0.6132630078125
vt 0.9210580078125 0.6161239843749999
vt 0.9210580078125 0.613196015625
vt 0.9210580078125 0.61321
vt 0.9210580078125 0.613813984375
vt 0.9210580078125 0.6149569921875
vt 0.9210580078125 0.6132469921875
vt 0.9210580078125 0.6154369921875
vt 0.9210580078125 0.6119830078124999
vt 0.9210580078125 0.6131819921875
vt 0.9210580078125 0.6125769921875
vt 0.9210580078125 0.613813984375
vt 0.9210580078125 0.613223984375
vt 0.9210580078125 0.614408984375
vt 0.9210580078125 0.610955
vt 0.9210580078125 0.613145
vt 0.9210580078125 0.613156015625
vt 0.9210580078125 0.611435
vt 0.9210580078125 0.6125769921875
vt 0.9210580078125 0.613196015625
vt 0.9210580078125 0.613196015625
vt 0.9210580078125 0.6102669921875
vt 0.9210580078125 0.613136015625
vt 0.9210580078125 0.61056
vt 0.9210580078125 0.611435
vt 0.9210580078125 0.6131680078125
vt 0.9210580078125 0.6119830078124999
vt 0.9210580078125 0.6100260156249999
vt 0.9210580078125 0.6131249999999999
vt 0.9210580078125 0.6100869921875001
vt 0.9210580078125 0.61056
vt 0.9210580078125 0.613145
vt 0.9210580078125 0.610955
vt 0.9210580078125 0.6102669921875
vt 0.9210580078125 0.6131249999999999
vt 0.9210580078125 0.6100869921875001
vt 0.9210580078125 0.6100869921875001
vt 0.9210580078125 0.6131289843750001
vt 0.9210580078125 0.6102669921875
vt 0.9210580078125 0.610955
vt 0.9210580078125 0.613136015625
vt 0.9210580078125 0.61056
vt 0.9210580078125 0.614408984375
vt 0.9210580078125 0.61321
vt 0.9210580078125 0.613813984375
vt 0.9210580078125 0.6100869921875001
vt 0.9210580078125 0.613123984375
vt 0.9210580078125 0.6100260156249999
vt 0.9210580078125 0.6119830078124999
vt 0.9210580078125 0.613156015625
vt 0.9210580078125 0.611435
vt 0.496296015625 0.28909800781249995
vt 0.496296015625 0.30284999999999995
vt 0.053495 0.30284999999999995
vt 0.053495 0.28909800781249995
vt 0.597438984375 0.843093984375
vt 0.656863984375 0.8513139843749999
vt 0.6301780078125 0.932505
vt 0.567448984375 0.9346369921875
vt 0.597438984375 0.843093984375
vt 0.6273419921875 0.752356015625
vt 0.683341015625 0.7707580078125
vt 0.656863984375 0.8513139843749999
vt 0.6907769921875 0.92791
vt 0.6301780078125 0.932505
vt 0.656863984375 0.8513139843749999
vt 0.713475 0.8586130078125
vt 0.656863984375 0.8513139843749999
vt 0.683341015625 0.7707580078125
vt 0.736686015625 0.7882869921875
vt 0.713475 0.8586130078125
vt 0.657035 0.66162
vt 0.6871180078125 0.570238984375
vt 0.73637 0.6091460156249999
vt 0.709761015625 0.690238984375
vt 0.683341015625 0.7707580078125
vt 0.6273419921875 0.752356015625
vt 0.657035 0.66162
vt 0.709761015625 0.690238984375
vt 0.759673984375 0.7179380078125
vt 0.736686015625 0.7882869921875
vt 0.683341015625 0.7707580078125
vt 0.709761015625 0.690238984375
vt 0.759673984375 0.7179380078125
vt 0.709761015625 0.690238984375
vt 0.73637 0.6091460156249999
vt 0.782446015625 0.6487730078125
vt 0.6871180078125 0.570238984375
vt 0.6571269921875 0.6617830078125
vt 0.709658984375 0.690326015625
vt 0.73637 0.6091460156249999
vt 0.6571269921875 0.6617830078125
vt 0.6274819921875 0.752605
vt 0.683465 0.770978984375
vt 0.709658984375 0.690326015625
vt 0.73637 0.6091460156249999
vt 0.709658984375 0.690326015625
vt 0.7597480078125 0.71807
vt 0.782446015625 0.6487730078125
vt 0.683465 0.770978984375
vt 0.736795 0.788481015625
vt 0.7597480078125 0.71807
vt 0.709658984375 0.690326015625
vt 0.683465 0.770978984375
vt 0.656915 0.851451015625
vt 0.71355 0.858746015625
vt 0.736795 0.788481015625
vt 0.6274819921875 0.752605
vt 0.597531015625 0.8432569921874999
vt 0.656915 0.851451015625
vt 0.683465 0.770978984375
vt 0.567448984375 0.9346369921875
vt 0.6301780078125 0.932505
vt 0.656915 0.851451015625
vt 0.597531015625 0.8432569921874999
vt 0.6301780078125 0.932505
vt 0.6907769921875 0.92791
vt 0.71355 0.858746015625
vt 0.656915 0.851451015625
vt 0.591156015625 0.6307280078124999
vt 0.558728984375 0.7300369921875001
vt 0.6274819921875 0.752605
vt 0.6571269921875 0.6617830078125
vn 0.0697104009572271 -0.7299087075170587 0.6799806899384421
vn 0.20404451286495634 -0.7160587203034776 0.6675520547845305
vn 0.29759498948956997 -0.7008127157842511 0.6483045269206482
vn 0.4121951267569525 -0.6781194383974347 0.6084810635881511
vn 0.5186954815241989 -0.6233838762103002 0.5851047259486124
vn 0.592582264127444 -0.554616209269272 0.5841636077824222
vn 0.6499295820264116 -0.4803435850933853 0.588949555281781
vn 0.7136523745056813 -0.4398060054740999 0.5452256101022024
vn 0.8127793070771421 -0.14541028534202435 0.5641326500956598
vn 0.0592048380495693 -0.6421718775529852 0.7642709381048047
vn 0.18003566155363873 -0.6094970952778486 0.7720754182182004
vn 0.270543989839037 -0.5773765947312842 0.7703520087716274
vn 0.35682356637244994 -0.5167414185124529 0.7782385552483144
vn 0.4173194776501813 -0.45238394732104675 0.7881581172455234
vn 0.5061299669760381 -0.40820134258511354 0.759739508279348
vn 0.5582095741665493 -0.3355702101322832 0.7588113766810399
vn 0.5485372300779285 -0.20924618401875708 0.8095201922694839
vn 0.6782730817222736 -0.045417386668296506 0.7334049956191957
vn 0.13426765926647147 0.44026210874099675 0.8877733220152729
vn 0.1252485944982184 0.5296308341360101 0.8389302528271435
vn 0.0019846578607404597 0.5464905144796506 0.8374629416976864
vn -0.03205928511843732 0.5649417813343571 0.8245077233964873
vn -0.11484555471578621 0.588448209253989 0.8003369312906891
vn -0.17747959426696425 0.5068878329632287 0.843543548616594
vn -0.1752082107826332 0.447160937189053 0.8771255207360897
vn -0.15703628061295766 0.4905027265286513 0.8571736590908564
vn -0.05572382735044345 0.5778815184981538 0.8142160681561657
vn 0.2514331027567775 0.29980372869105704 0.9202712204024631
vn 0.31988814194477905 0.15038635682175805 0.9354440230847573
vn 0.34151419479554945 0.019638675007798846 0.9396714198043301
vn 0.33701531639071414 -0.06349277249589498 0.9393558135013865
vn 0.5630884983770412 -0.0730056184769089 0.8231655499753942
vn 0.5288351744320704 0.17489972204190496 0.8305079442805265
vn 0.5342655095783431 0.10490569832588467 0.8387819500524268
vn 0.3692536960766818 0.273457351796775 0.8881851072169611
vn 0.1238814138056408 0.53551111853998 0.8353928640068549
vn 0.42664341294190095 0.3164392167223376 0.847255345402695
vn 0.1518864927498715 0.5643017957469487 0.8114764177946964
vn -0.04700446844714737 0.6856897029519947 0.7263747044133672
vn 0.058948917267069766 0.700934537814076 0.7107853395030092
vn -0.1465415243488552 0.7639537952633944 0.6284108372268653
vn -0.3159424675311491 0.7539942195855174 0.5759106476198853
vn -0.42941129011813556 0.736196673017366 0.5230873756431521
vn -0.46776706515509375 0.7070202784137884 0.5303925891901954
vn -0.23117216109566477 0.7620845277452843 0.6048029468393874
vn 0.40844990780176593 0.0513969230010662 0.9113325568214666
vn 0.24772223786277733 0.028069264634403616 0.9684243952168602
vn 0.2169909346051507 -0.13992160691550948 0.9660936177293404
vn 0.37677370939161997 -0.19406744309530521 0.9057479778844278
vn 0.2301911184746472 -0.0768608948139228 0.970105381813643
vn 0.39206542285366497 -0.06347923636615407 0.9177445672696446
vn 0.24629915384786508 -0.022194035235665478 0.9689397048391524
vn 0.401985916747917 -0.00045707650306139 0.9156457359794821
vn 0.5138091639922654 -0.261794215120978 0.8169846583178662
vn 0.3031020769863131 -0.14503074986223102 0.9418573206813132
vn 0.408463356330832 -0.39579233824353643 0.8224999158192454
vn 0.2643601319076604 -0.19676263941964398 0.9441388586359424
vn 0.380023301525033 -0.38719503279259815 0.8400370806570105
vn 0.21545584024461228 -0.24412875764800807 0.9455051192847812
vn 0.36885307198511047 -0.33723607737253347 0.8661519724653022
vn 0.19947012867699468 -0.21602688156198258 0.9557949854483377
vn 0.23553879764233351 0.07121235517974828 0.9692524311421445
vn 0.41255832350117416 0.10042551547612692 0.9053785647734626
vn 0.21296375977144522 0.16425374981712668 0.9631547864673793
vn 0.4331471951888315 0.23229579228083136 0.8708743722194776
vn 0.17298478877872694 0.15806413432194358 0.9721584193392732
vn 0.4603019413940279 0.26763729219232707 0.8464587423949547
vn 0.17429412027177416 0.2497975218531321 0.9524824185856253
vn 0.4399302172124707 0.29555293887423023 0.8480034577206592
vn 0.14903805771875925 0.2903614363700593 0.9452395958806086
vn 0.3981879823653784 0.30931277755121606 0.8635808800241824
vn 0.20523531392527086 0.38338638321271484 0.9004961671684499
vn 0.3819963301264844 0.40865984322198534 0.8289004381152663
vn 0.20100542713720046 0.6862075421296143 0.6990822751191917
vn -0.035333577052029067 0.8997996319833982 0.4348702802161235
vn 0.7543477756056813 0.24319810925049887 0.6097656214446197
vn 0.9337840598131679 0.15727405264268093 0.32142215543453967
vn 0.25342101572350567 0.9584570314943248 0.13091183127874081
vn 0.8218884993130057 0.5646310383553801 0.07543928169555456
vn 0.47964493613859965 0.8000935107590578 0.3602653317734641
vn 0.7579666971030902 0.5812110860014491 0.2961083578551077
vn 0.6449619758240491 0.7642144106253577 0.0006199465107688618
vn 0.6345438174676798 0.7728812384033179 -0.002955509718796907
vn 0.6133775332508554 0.7897847802593025 -0.002828882086803388
vn 0.6444317024520395 0.7646615681243021 0.0006834533263927266
vn -0.061890199541103225 -0.7276201989422729 0.6831825885456756
vn -0.18856081555528847 -0.7288357795190818 0.6582121431042859
vn -0.2763728052100401 -0.726223241837878 0.629458398589467
vn -0.4045968043328671 -0.6892661609222249 0.6010104702342293
vn -0.5167598718571024 -0.6197054650340593 0.5906982067394074
vn -0.5897639839379221 -0.5414485922178998 0.5991759885333565
vn -0.6514615024664296 -0.5135709445239304 0.5584288636388525
vn -0.6891893011947641 -0.3448240343906908 0.6372711294458587
vn -0.8643036426947642 -0.13476506785441028 0.48457980737001155
vn -0.08462242448220912 -0.6181772256407951 0.7814703852186609
vn -0.16313605475957485 -0.6015921272740992 0.7819677359324393
vn -0.23183457208389638 -0.5538396050275531 0.7996964568444709
vn -0.32615635494055717 -0.5011532485575274 0.8015406749455242
vn -0.43598681540089557 -0.464514151975656 0.7708061360750335
vn -0.485955408036744 -0.40015959885724967 0.7769939747785992
vn -0.48237854535452335 -0.3007917351283801 0.8226999884891897
vn -0.5648214613199619 -0.21734591062906178 0.7960762978290504
vn -0.6496614486944046 -0.0380992735895507 0.7592683632499359
vn -0.04781862613112439 0.3495494779768363 0.935696821326787
vn -0.040571001860009295 0.4491633248817194 0.8925280395535337
vn 0.013798527973392965 0.5221503302534248 0.852741832703197
vn 0.0468165741687742 0.5365789878028934 0.8425504128724418
vn 0.127452273629797 0.5338039191763284 0.8359481406275078
vn 0.1826436659240258 0.5532700620196507 0.8127321390043617
vn 0.18835865795132323 0.5008738282464983 0.844775960922465
vn 0.15123614787074177 0.469308525994402 0.8699868590997114
vn -0.01821655300538494 0.5553709619131767 0.8314031824934489
vn -0.14871034640865904 0.1584585689629301 0.9761025124407974
vn -0.2585456482269596 0.016019856120082665 0.9658661977690249
vn -0.3209382460500772 -0.0159646072877754 0.94696556090306
vn -0.33827889170334285 -0.056661085438754304 0.939338550696638
vn -0.5599025548095004 -0.07219723827797477 0.8254069831924299
vn -0.5267716852841031 0.17388644576186024 0.8320307059016834
vn -0.5619051549263686 0.041268787712384444 0.8261715826799686
vn -0.3671888281173035 0.2727577850459944 0.8892556185949262
vn -0.12248450945191859 0.5352629586972866 0.8357578058211301
vn -0.3719857611021341 0.42577255175346995 0.8248298780418934
vn -0.2803347547045606 0.5070417995770167 0.8150589173712749
vn 0.04779234813247624 0.6857814323569009 0.7262366821460492
vn 0.11027663223998414 0.7746787946108293 0.6226651022517001
vn 0.23605172355036966 0.7913091578315047 0.5640118797870262
vn 0.37329081841305944 0.771842514415261 0.5146970932787905
vn 0.43110688357244564 0.7372655809060487 0.5201791212147222
vn 0.34412745393091576 0.6833346132712378 0.6439177756177208
vn 0.21916459685509346 0.7579334600494766 0.6144133377643856
vn -0.39907443975408524 0.03669480704210321 0.916183978615161
vn -0.24352432083106046 0.025131603409981964 0.9695691350666099
vn -0.1981848321447703 -0.1713113514350252 0.9650778171615253
vn -0.38232265662118536 -0.17915171880732492 0.9064954759305203
vn -0.2149542664342903 -0.10446912219874394 0.9710205280264265
vn -0.37967362419999917 -0.08688057887411582 0.9210318692104724
vn -0.2276559654030159 -0.052151739595311455 0.9723440530355518
vn -0.390024342888021 -0.02095530401857575 0.9205660688881905
vn -0.5495673646960115 -0.20405953362157492 0.8101453069661185
vn -0.33331166085608427 -0.0919485950344383 0.9383223287381323
vn -0.5047975549254524 -0.30218622469847783 0.8086179036750089
vn -0.3000667764554338 -0.1457180328465634 0.942722750638263
vn -0.416259466570182 -0.3335532426486581 0.8458547693364818
vn -0.263742509978398 -0.1466749364467773 0.9533762905844831
vn -0.390860211178445 -0.2937362199300803 0.8723229496113976
vn -0.21579142410131666 -0.17245757643153498 0.9610891975335522
vn -0.24421790788004186 0.08823821600376164 0.9656974840534529
vn -0.4048257802189038 0.08918477450976009 0.9100341552193516
vn -0.21107357246244934 0.16466433604041744 0.9635007023579731
vn -0.4261149946870593 0.22046003513557927 0.8773957967820831
vn -0.2089521194496416 0.2052922123657736 0.956134990113566
vn -0.4329045180990667 0.21333629255217085 0.8758317786478802
vn -0.1676945787575468 0.24516107489422415 0.9548688787535374
vn -0.45100450004396153 0.317426398684218 0.8341675025787472
vn -0.16897659284019118 0.31139822516818544 0.9351353145049247
vn -0.4302521096949303 0.3604680691321175 0.8276145801272623
vn -0.1439048135915556 0.34839208367039803 0.9262366655779602
vn -0.3853228944899813 0.4085992297268955 0.8273892291107315
vn -0.2003749416448756 0.6856928942998521 0.6997679168606578
vn -0.04679918502350814 0.8761179241217548 0.4798199863633471
vn -0.7529396594560692 0.24186876794319248 0.6120305289050707
vn -0.9014690532637012 0.11995905353614926 0.4158886527456089
vn -0.3862412066204029 0.9038284655874192 0.18415166331669808
vn -0.8357365106505347 0.5147613883837503 0.19122028604440083
vn -0.4805187386399235 0.7990074107032368 0.3615091969192572
vn -0.757532713081488 0.5800239112657722 0.29952704547562237
vn -0.6468836008135582 0.7625846728118788 0.0024947526700740633
vn -0.623552459879134 0.7817672631320784 -0.00471975355933283
vn -0.6158158982025731 0.787735917960531 0.015585348114113306
vn -0.6450158955990856 0.764164701394934 0.0026083647178673846
vn 0.06327073983111481 -0.7253369198412216 -0.6854802449352371
vn 0.18993822491110818 -0.726395861713881 -0.6605092904740748
vn 0.2777566290490598 -0.7237060809978926 -0.631744223041236
vn 0.4058958714336607 -0.6865955452343931 -0.6031874491544031
vn 0.5179389859857317 -0.616843725072595 -0.5926575956103466
vn 0.5907903590374669 -0.5384311898574196 -0.6008815236443076
vn 0.6524310560285901 -0.510573957494782 -0.5600428118077541
vn 0.6898541115338589 -0.3415022424785245 -0.6383396612948073
vn 0.8645794506716712 -0.13158010778035267 -0.48496293540102847
vn 0.0857939370949409 -0.6155384897448863 -0.7834231091819629
vn 0.16426904938052236 -0.5988048628911854 -0.7838676008060853
vn 0.23289455163210002 -0.5508773159198033 -0.8014326613166427
vn 0.3270892821420145 -0.49799060594788785 -0.803130100230017
vn 0.4368777764626418 -0.46124513040563503 -0.7722633864881507
vn 0.4867082421627542 -0.3967764443840658 -0.7782567315435057
vn 0.4829422968708462 -0.29727689163272697 -0.8236462757727345
vn 0.5652472716615018 -0.21376121465046596 -0.7967444163534413
vn 0.649888606544692 -0.034534110025039436 -0.7592444891654974
vn 0.04715050815290279 0.3525875322067188 -0.9345902105807119
vn 0.03970904111129956 0.45205108224508306 -0.8911077438194949
vn -0.014798437038781248 0.524816865660397 -0.8510865195616756
vn -0.04783175016613991 0.5391530474807947 -0.8408484495247737
vn -0.12846844037665578 0.5361979470946379 -0.8342587256712906
vn -0.18370233883958528 0.5554871105009073 -0.8109793590296975
vn -0.18930721156445968 0.503170523274378 -0.8431976068262278
vn -0.15213071231430877 0.4717803245000592 -0.8684927010547412
vn 0.01708420747382247 0.5580602211481581 -0.8296245653469166
vn 0.14840276491562465 0.16182441446644097 -0.9755969855672945
vn 0.25850160666485406 0.019562587998991018 -0.9658127274489972
vn 0.3209649454506973 -0.0123703806871845 -0.9470102837210825
vn 0.3383752686844619 -0.053026517396073135 -0.939516027535221
vn 0.5600359509969138 -0.06852326840253795 -0.8256296356590019
vn 0.5264336386454496 0.1775413781064686 -0.8314725991652209
vn 0.5618246045047653 0.04493602894110883 -0.8260350277537073
vn 0.36670749698071714 0.2762412852579385 -0.8883785026536718
vn 0.12146332912144252 0.538158893867948 -0.8340453612541484
vn 0.37116759128043303 0.42910209495121737 -0.823471925017215
vn 0.27938765142442845 0.5101327600182308 -0.8134538139241368
vn -0.049104529164097244 0.6879828177716806 -0.7240638008259431
vn -0.11174900182232606 0.7764374757849531 -0.6202072289069227
vn -0.23755093833596821 0.7926359391181884 -0.5615138642223615
vn -0.3747884021938971 0.7727659542231589 -0.5122171742283895
vn -0.4324918659650091 0.7380912388287109 -0.5178533663484324
vn -0.34544639265678967 0.6847172151666654 -0.6417391409714834
vn -0.22060276392250547 0.759485399502201 -0.6119774084823177
vn 0.39900256721070165 0.04034597784568467 -0.9160617628909884
vn 0.24347534116924027 0.028658284155902724 -0.969483605323866
vn 0.19850579556811485 -0.16789269487976116 -0.9656124958449332
vn 0.38266306619610696 -0.1755567806441378 -0.9070550118594022
vn 0.21515467297410049 -0.10098086425539769 -0.9713451146485685
vn 0.37983626601427856 -0.08324571121659836 -0.921300473561353
vn 0.2277531997057247 -0.04864908405033821 -0.9725028260343862
vn 0.39005984513707237 -0.017307077842168412 -0.9206268420311285
vn 0.549950107105706 -0.2004589869349928 -0.8107842340915484
vn 0.333457580147635 -0.08836895449484944 -0.938614388406427
vn 0.5053709163248754 -0.2986739819642363 -0.8095641354646235
vn 0.3003176450247739 -0.142185877870715 -0.9431821076658039
vn 0.41689054118635915 -0.33007676679915504 -0.8469070814964065
vn 0.26400816161612833 -0.14317669170545497 -0.9538344329873782
vn 0.39141153169418785 -0.29024184547260257 -0.8732449163856999
vn 0.21611924436522892 -0.16900698302148295 -0.9616283647568735
vn 0.4046506999953286 0.09283236727132203 -0.9097471970718531
vn 0.21076042597254485 0.16810737450318305 -0.9629745341812098
vn 0.4256913476831549 0.22403351526700124 -0.8766959909482933
vn 0.20855533527157602 0.2087193867900101 -0.95547940307877
vn 0.43250159241486746 0.21692974424311087 -0.8751479067113299
vn 0.16721536865874745 0.24849025069194572 -0.95409203738181
vn 0.4503998401835375 0.3209229344242402 -0.8331557202127216
vn 0.1684022183080819 0.3144200942404944 -0.9342273263005723
vn 0.42957610936469326 0.3636218618417797 -0.8265854510296021
vn 0.1432784817853481 0.35066142032400754 -0.9254770904531541
vn 0.384605906282723 0.4111604259982614 -0.8264535080362198
vn 0.19907130839968665 0.6883361962535992 -0.6975413214277442
vn 0.04506543624056061 0.8777331176742517 -0.47702586994238216
vn 0.752604578645155 0.24515940342083178 -0.6111327311776801
vn 0.9012512856525718 0.1228292451951749 -0.41552267884481353
vn 0.3847797848476599 0.9050286356191213 -0.1812944728390266
vn 0.8347568079311988 0.5170581507048759 -0.18929326560173657
vn 0.47900495080801725 0.8010107570609172 -0.3590766271620944
vn 0.756058819824848 0.5827670453544669 -0.2979221908718495
vn 0.6450517608797133 0.7641387054040029 -0.0005144798111656712
vn 0.6210381106622489 0.7837467197764028 0.007262530192232951
vn 0.6162396149112104 0.7874425145586113 -0.013528609673383492
vn 0.6436955816571098 0.7652813902849233 -0.0006259701993290642
vn -0.0683267603414098 -0.7278881829092201 -0.6822831135257279
vn -0.20268562006713006 -0.714331998428032 -0.6698121642966909
vn -0.29626966925455284 -0.6993193038440263 -0.650520402716859
vn -0.4109025038859637 -0.6769779013789677 -0.6106226767364397
vn -0.5175154407506478 -0.6225150143875453 -0.5870713972309816
vn -0.5915277139228283 -0.553895259900573 -0.5859138202166847
vn -0.6490254614524278 -0.4797117069447457 -0.5904596756821091
vn -0.7128313915605679 -0.4394258090466789 -0.5466043958380653
vn -0.8125128044285491 -0.14521151117730427 -0.5645675864422771
vn -0.05798394765939831 -0.6398597673958547 -0.7663010765240741
vn -0.17887024531284668 -0.6073922959732893 -0.7740026060253403
vn -0.2694549170689466 -0.5754604154106132 -0.7721653695697649
vn -0.3558440125113266 -0.5149627274842761 -0.7798643651698636
vn -0.41646103052547434 -0.45068045477498675 -0.7895868145666258
vn -0.5053552577770785 -0.40676311243530344 -0.7610255145519152
vn -0.5575699197555037 -0.33422697690208897 -0.7598737477336166
vn -0.5481483163133379 -0.20773720655682887 -0.8101720041662873
vn -0.6782052006672887 -0.04440081959459157 -0.7335300082526762
vn -0.1351074946518105 0.442809400789622 -0.8863779100706691
vn -0.1262546601484404 0.532037763130225 -0.8372547876209419
vn -0.0030323262415582132 0.5491414365159857 -0.8357239303135482
vn 0.031000243649625905 0.5676056316473372 -0.8227167385047488
vn 0.11372211260129864 0.5911767728289905 -0.7984843795422661
vn 0.17649509242141037 0.50986219328268 -0.8419560714266112
vn 0.1743563444502133 0.4502749453910889 -0.8757010555566384
vn 0.15610487442099966 0.4935119185932825 -0.8556151321642118
vn 0.05463940891314673 0.5805515342489721 -0.8123881160349323
vn -0.2519988773954423 0.3022302858342152 -0.9193222612968781
vn -0.32017763496130086 0.15272264813994804 -0.9349663495632929
vn -0.34154978040671063 0.021951396298865975 -0.9396073029221612
vn -0.3368754698353968 -0.061149742145441575 -0.9395614013244301
vn -0.5629550882410672 -0.0714736299143331 -0.8233912125170885
vn -0.5291753403794431 0.17651010902823341 -0.82995038438761
vn -0.5344724149157768 0.10653235687179516 -0.8384450456848309
vn -0.36976140297233556 0.27555987686865807 -0.8873236495958281
vn -0.12489974966808126 0.5379046960198266 -0.8337017395523825
vn -0.42724402350938073 0.31831032258239855 -0.8462511937439176
vn -0.15296511935179447 0.5665724777452997 -0.8096896317251713
vn 0.045687268461430466 0.6880649982272372 -0.7242093838905191
vn -0.06027954702006679 0.7030569415474358 -0.7085741409005983
vn 0.14507927275725788 0.7662162331051771 -0.6259909653839569
vn 0.31452229663929426 0.7564181997265048 -0.5735043435225728
vn 0.4280031399818282 0.7386664000508023 -0.5207545118399682
vn 0.46642621310096727 0.7095823904272649 -0.5281471565083161
vn 0.2297215458702992 0.7644293913704789 -0.6023916640956443
vn -0.40855161825503555 0.05350059670973872 -0.9111658802725736
vn -0.24777431122231644 0.030651468437343565 -0.9683327827668241
vn -0.21673288618371223 -0.13728519812379944 -0.9665296841911205
vn -0.3764094746895665 -0.19191675052290874 -0.906357472652293
vn -0.23004584818242585 -0.07423867125488014 -0.9703440252942964
vn -0.39194833171021226 -0.06133204743569782 -0.9179405673718353
vn -0.24626129485864962 -0.019595219742850743 -0.9690053673833653
vn -0.4019858533479217 0.0016719078576687872 -0.915644351499128
vn -0.5133107936635235 -0.26018444235264987 -0.8178117662800924
vn -0.3028125874411223 -0.14261824763426767 -0.9423187212026212
vn -0.4077122314094112 -0.3939687038130066 -0.8237471679921323
vn -0.26398322441592825 -0.19428390162455725 -0.9447574412496094
vn -0.3792892751645982 -0.3852575182622449 -0.8412587535161401
vn -0.21499561098595182 -0.24154893091612756 -0.9462721602319564
vn -0.36821411051574643 -0.3351911373466327 -0.8672169683887468
vn -0.19906539728098874 -0.21337679609667515 -0.9564744170613662
vn -0.2356770607849397 0.07382937727182189 -0.9690229853163582
vn -0.41275414311905845 0.1025069341315528 -0.9050559904188257
vn -0.21327460103753468 0.16688163846859794 -0.9626341274307267
vn -0.4335974670508377 0.2342397313195218 -0.8701292920241543
vn -0.1732778007859193 0.160808024449229 -0.9716561032729283
vn -0.46081569060980077 0.26942881138469216 -0.84561043919978
vn -0.17477659008286425 0.25248467384038137 -0.9516851543628926
vn -0.44051789301603356 0.2974459261487584 -0.8470359537529808
vn -0.14959267264370227 0.2928374702310535 -0.944387763749611
vn -0.398840280339267 0.3111449891492201 -0.862621137293903
vn -0.20630816693312237 0.3853109382062786 -0.8994289416931682
vn -0.3829189671309943 0.41012043689339234 -0.8277525547249648
vn -0.20253412242226504 0.6879170547466407 -0.6969577139564139
vn 0.033712588780530725 0.9012807391330981 -0.4319218570822865
vn -0.755097090344011 0.24364904852209432 -0.6086571492295865
vn -0.9340035551634392 0.15650641167841325 -0.3211589980766586
vn -0.25591272666407855 0.9581682403010492 -0.1281495205209435
vn -0.8229110679259738 0.5633957502158505 -0.07350240080196159
vn -0.48093647568475456 0.8004333744576878 -0.35777998743670214
vn -0.7586020129521703 0.5809187814948515 -0.2950531397078368
vn -0.6458147825556905 0.7634929338032154 0.0013441224294688887
vn -0.6368721566325652 0.7709523326502794 0.005133895916224245
vn -0.6147626305395351 0.7886915625175315 -0.005703271496806886
vn -0.6456183534094179 0.7636590649254805 0.0013320277974080191
vn 0.07881642557328715 0.0016481878501294798 -0.9968877843251271
vn 0.23942063201566852 0.0017569063021458293 -0.9709143495929305
vn 0.39884805088775344 0.0018294347336459708 -0.9170152046021894
vn 0.5557703904890431 0.0018400874435425866 -0.8313338000670107
vn 0.7046456680268887 0.0017910423270166027 -0.7095570975603885
vn 0.8359845571382177 0.0016624226993436075 -0.5487504501840405
vn 0.9369962660119433 0.0014375512403701901 -0.3493364151160124
vn 0.9926495768472986 0.0011299056919655537 -0.1210187625866606
vn 0.9929767837661724 0.0007585649564464384 0.11830693758438368
vn 0.937994863729962 0.00034587431941370905 0.34664898094061275
vn 0.8376587841112564 -0.00006381097525826225 0.5461938825448442
vn 0.7066760904836421 -0.0004448286849854182 0.7075370698883532
vn 0.5582347091344076 -0.0007799385251349791 0.8296827111694691
vn 0.4015518532523937 -0.0010647097906468558 0.915835670599606
vn 0.2420765897321153 -0.0013026548221452261 0.9702562691341312
vn 0.08162050479241233 -0.0014972571450940241 0.9966623557747495
vn -0.07882818739827029 -0.001649935342884223 0.9968868514454726
vn -0.2391813558426667 -0.001759543952670504 0.9709733173585887
vn -0.398953703238613 -0.0018270893769983902 0.9169692494389358
vn -0.5558085699908728 -0.001838818923256963 0.8313082775178343
vn -0.7045157753855895 -0.001789532233479413 0.7096860713070442
vn -0.8360668375406329 -0.0016629090582083916 0.5486250795381753
vn -0.9369694802294983 -0.0014413823607794547 0.3494082362156824
vn -0.9926581374218292 -0.0011369002800744952 0.12094845872510375
vn -0.9929754605894843 -0.0007545396262917634 -0.11831806851472033
vn -0.9380171186354338 -0.00034090103104536415 -0.34658876054102755
vn -0.8376855145406837 0.00006755789847390957 -0.5461528853394809
vn -0.7066329637332864 0.0004481736067397095 -0.7075801394230411
vn -0.5582160371854968 0.0007774226713353138 -0.8296952762568377
vn -0.4015223688202319 0.0010656779093098528 -0.9158485964762862
vn -0.0009261504366144247 0.9999953936219371 0.002890498274657559
vn -0.24207659072686863 0.001303760683479262 -0.9702562674005959
vn -0.08178046847015372 0.001497458616587636 -0.9966492425093666
vn 0.706590078067058 -0.00044790366927375034 0.7076229652572704
vn 0.4016190249464358 -0.0010649076937155853 0.9158062157316241
vn 0.23934711323141752 0.001759514136660153 -0.9709324711316384
vn -0.8360257401827723 -0.001660824571211669 0.5486877102811684
vn 0.7046025776991605 0.0017914745838229992 -0.7095998859346823
vn 0.24200300914203327 -0.0013042672075888459 0.970274622183458
vn -0.24205820865926814 0.001302994157344466 -0.9702608545267052
vn 0.08169109971684761 -0.0014947611764861523 0.9966565757150643
vn -0.992648192147901 -0.0011353582710012721 0.12103006893784889
vn 0.3989536997902924 0.0018307183944392853 -0.9169692437011167
vn 0.5558085673619034 0.0018415750061693936 -0.8313082731746422
vn -0.9369885161375019 -0.0014400390652424709 0.3493571910150603
vn -0.08161433065317505 0.0014948441141792077 -0.9966628650015553
vn -0.07891752950882637 -0.0016528060094218443 0.9968797779915685
vn 0.9379347091325676 0.0003385273142168684 0.346811716647035
vn -0.23914473773726697 -0.0017624332620617797 0.9709823315805345
vn -0.3989831669591496 -0.0018307261287993238 0.9169564225878396
vn 0.836066837032508 0.0016634742898882613 -0.548625078598987
vn 0.9926468326912246 0.0011273993058994222 -0.12104129261902938
vn -0.7046019680486868 -0.0017896961741832456 0.709600495778802
vn -0.937964805037594 -0.000342725374531919 -0.34673030881378947
vn -0.555770136725837 -0.00184021427199485 0.8313339694341726
vn 0.8377407688927587 -0.00006612856172796132 0.5460681273998538
vn 0.07875150734616883 0.0016526688858139852 -0.9968929073758427
vn 0.9930099424627798 0.0007579400864068161 0.11802830040669089
vn -0.5581972592961155 0.0007809220280666424 -0.8297079063592752
vn -0.9929975715053108 -0.0007531375215954298 -0.1181323654568418
vn -0.837685512720134 0.00006568440800451244 -0.5461528883603609
vn -0.4015896160116413 0.0010662295159166654 -0.9158191106688275
vn 0.5581973688013654 -0.0007829768396245092 0.8297078307515852
vn 0.9370187430173574 0.001442260625569936 -0.3492761015564328
vn 0.7654888126523332 0.40267710824506375 -0.5018745104102366
vn -0.7677903045473045 0.4011081231581698 -0.49961016981211287
vn -0.22376948052912346 0.3547136118900537 0.9078025518380298
vn 0.0734913457541178 0.3552035233124834 -0.9318956374646502
vn -0.07686153976427003 0.3538606733901489 -0.9321346080545104
vn -0.9022489559195469 0.4177782979932852 -0.10680877898338498
vn 0.22305091919691541 0.35908643487161657 -0.9062589142935938
vn -0.8541252610260058 0.4106890733291935 0.3190682113988577
vn 0.07620662772715603 0.3506863799718127 0.9333871719670891
vn -0.8549947685952712 0.41182673110277146 -0.31525020098950707
vn 0.5147610693904997 0.37755950340769184 -0.769720639470247
vn -0.6495882388462384 0.38688876246990683 0.6544862148488281
vn -0.6514952689951468 0.38866533811578574 -0.6515314032525856
vn -0.37438014978270695 0.3653855211283831 -0.8522516790235254
vn -0.371902956057353 0.3632014357014035 0.8542674688762543
vn 0.37367239097169014 0.3634969345776691 0.8533691597299133
vn -0.07414876053228245 0.35234986935483437 0.9329263266073894
vn 0.22567107945799636 0.35576283314988244 0.9069208181784293
vn 0.6509564882944593 0.38751433553071696 0.6527543872740593
vn 0.5171176886261848 0.37429552595371873 0.7697351202595223
vn -0.9024263884908973 0.4163660585782695 0.11075160775028717
vn 0.7668236081226788 0.4012773576753893 0.5009571201637666
vn 0.85461224597383 0.41168337069355654 0.3164722915611381
vn 0.901636890624504 0.4187622736690468 0.10811602849025927
vn -0.7660968533862818 0.4001308883322722 0.5029819911627701
vn 0.8534678417702477 0.4132164953558725 -0.3175606572449521
vn 0.9013165538183416 0.4191224273012426 -0.10938400589731197
vn 0.6491310580224123 0.38894158299575515 -0.653722658722688
vn -0.2262970597174063 0.3583174638573425 -0.9057583760904996
vn -0.5154271229138695 0.3738178958090495 0.7710999038630633
vn 0.37115433951983384 0.3661118970640117 -0.8533501831509658
vn -0.517823213523454 0.3760983562882322 -0.7683808599474181
vn -0.07864138284722658 -0.0016724522996687194 0.9969015677624252
vn -0.5557370174939491 -0.0018633315478405457 0.8313560581258028
vn 0.24197614429886818 -0.001310990234584167 0.9702813132771642
vn -0.23936034993278427 -0.0017429533335986912 0.970929237892099
vn 0.558156834656137 -0.000764826059463738 0.8297351161471597
vn 0.08159163652701217 -0.0014781816282132122 0.9966647479608769
vn 0.8376886980076997 -0.00005658380147539381 0.5461480037759349
vn 0.40171674663769175 -0.0010850490101837768 0.9157633308554531
vn 0.992979549177859 0.0007722858173483963 0.11828363576231637
vn 0.7066149204364982 -0.00044274018062551374 0.7075981615278928
vn 0.9370432936469988 0.0014528463603855424 -0.34921018752126626
vn 0.9380222097050582 0.0003629922847963403 0.34657495918868825
vn 0.7046403983218873 0.0017962497064265383 -0.7095623175872323
vn -0.2419586508850417 0.0013076940667850457 -0.970285680198424
vn 0.9926372871897686 0.001135467776996209 -0.1211194732215452
vn 0.3990513812850463 0.0018476973207097063 -0.9169267043276185
vn -0.5582654967557626 0.0007682923986753603 -0.8296620063970822
vn 0.835991225079682 0.001650802477834031 -0.5487403269680036
vn 0.07870876049935302 0.0016308475052601945 -0.9968963192614717
vn -0.8377141506961255 0.00007132348583457172 -0.5461089604066477
vn -0.08167072987258413 0.001505151839275791 -0.9966582294849223
vn 0.2392197278417453 0.0017724787248010107 -0.9709638407945435
vn -0.9930018544028258 -0.0007678014588295536 -0.11809626426550866
vn 0.5557553758246896 0.0018294266552167356 -0.831343861130923
vn -0.9379649758911209 -0.0003358456140643546 -0.3467298533574698
vn -0.9369856543297939 -0.0014577762092764669 0.34936479282934574
vn -0.4016166232778042 0.001047908714704736 -0.9158072885679934
vn -0.7065738536936922 0.0004524412931963383 -0.7076391626905065
vn -0.7045588526406233 -0.0018059061350109771 0.7096432638084857
vn -0.9926561932778265 -0.0011487127666079881 0.12096430219760815
vn -0.39892320385289587 -0.0018157657235666803 0.9169825409584296
vn -0.8360951190163828 -0.001676916727497259 0.5485819354547411
vn 0.1562386549658461 0.9593704907268686 0.2349420018152373
vn -0.11669167789669682 0.9563989274708293 0.267738947189797
vn 0.15561874071611528 0.9599985101172643 -0.2327781521332345
vn 0.07111500716807202 0.954382345016565 0.28999481939539457
vn -0.19190480003390886 0.9620774266809514 0.19385451450741162
vn -0.24836768218117297 0.9681451660605834 0.03175581649835896
vn -0.23848335384355324 0.966972317489819 0.08994568999067983
vn 0.21781949819065344 0.9656153092887656 -0.14192160045297347
vn -0.2486245409040364 0.9681954427511092 -0.027989681960341944
vn -0.23888948924360845 0.9671932102447119 -0.08642398964093505
vn -0.21982598013885357 0.9652626508432401 -0.14122518664556133
vn 0.24756790168987947 0.968442194727905 -0.02880710890507741
vn -0.157992954283681 0.9598356272901531 -0.23184864670994573
vn -0.1925240296016945 0.9626551909142279 -0.19034043561949088
vn -0.0725301190828949 0.955616273146226 -0.28554670427784495
vn 0.022795766497033708 0.9548021977850352 -0.2963665233029528
vn -0.11724996578404435 0.9573904569903804 -0.26392415271700953
vn 0.11455010683478932 0.9577934015438274 -0.26364763033875904
vn 0.11544852431054327 0.9567816921526158 0.26690903281098455
vn 0.1903973901302732 0.9625295753692722 0.19309492580342213
vn 0.19043037823551784 0.9629027253690717 -0.19119260582431508
vn -0.15702852035028253 0.9592257007912603 0.23500659296733867
vn 0.23673030208390033 0.967460669812644 0.08932310138444505
vn -0.025516109889374045 0.954297046271232 -0.29776849332008853
vn 0.2374098203168773 0.967472251757943 -0.08737287505584145
vn -0.07182542782562024 0.9544816914839456 0.2894923289823287
vn 0.24687819544897932 0.9685468430701751 0.031115420464030433
vn 0.02337934357224783 0.9539473081526045 0.29906176546414404
vn -0.02448582930584281 0.9537323715537438 0.2996581512551874
vn 0.06985259766259917 0.955644904110995 -0.28611786355709123
vn 0.21791175978602792 0.9652506321473472 0.14424174876263532
vn -0.22015573552151724 0.9645523552522468 0.14549984912130765
vn -0.47068867436527667 0.5397848315782086 -0.6979143983486396
vn 0.33874826775867956 0.5276252771677087 -0.7790129511017083
vn -0.4685614603325277 0.5376044405500766 0.7010218423072767
vn -0.2077561707936617 0.5175431248416662 -0.8300520992240658
vn 0.5857721981121009 0.5561345550795008 -0.5895636425064247
vn 0.8023581241545363 0.5888955907826923 -0.09707432080585392
vn 0.7620074644045078 0.5822707227936205 -0.2833821264109788
vn -0.6882271805700108 0.5674540469718867 0.45203899444614476
vn 0.8025032654585595 0.5887732347044343 0.09661566655582182
vn 0.7622221364807104 0.5822806393497423 0.28278378966489
vn 0.6882103899461832 0.5690913550361105 0.4500016542117221
vn -0.8027066219960793 0.5881356143634828 0.09878551574462902
vn 0.46945454604196313 0.5389860110115267 0.6993615010382089
vn 0.5874167354317621 0.5543156282667491 0.589640367676714
vn 0.20653904711268245 0.5165423552666014 0.8309787104573844
vn -0.06811656473428489 0.5113534321433274 0.8566666802461967
vn 0.34083744213395123 0.526026684184269 0.7791827549206214
vn -0.3397645926107653 0.5247504808049432 0.780510701081684
vn -0.34188776571726553 0.5275662876458909 -0.7776802477833606
vn -0.5889252766358402 0.5540521724988833 -0.5883818561858167
vn -0.5872174525084671 0.55219839643607 0.5918214210747182
vn 0.4678579151736421 0.5399912057225271 -0.6996559647081589
vn -0.7639979522742198 0.580689809756142 -0.2812587310043455
vn 0.06956230866084068 0.5125656119732767 0.8558256707041653
vn -0.7626334889344205 0.5806377353865494 0.2850438243514364
vn 0.20426037046794707 0.5185483710468323 -0.8302922906669519
vn -0.8035706922285332 0.5876379589531933 -0.09463493957667718
vn -0.07046033848039349 0.5147178738488605 -0.8544593911016116
vn 0.06713601754619188 0.5133733824593345 -0.8555352274046343
vn -0.20509834036145455 0.516201385853389 0.8315472325875528
vn -0.6894361800837007 0.5690113971382574 -0.4482229172168281
vn 0.6867226601681138 0.5708647422873803 -0.45002825914023714
vn -0.8227931304231692 -0.17822332282440484 0.5396738938746898
vn -0.07779561913295553 -0.1545538181048778 0.9849167269129531
vn -0.5482337609811825 -0.16555804161889787 0.8197745288649453
vn 0.2392726988241591 -0.15601168015846636 0.9583365438360033
vn -0.23610813244354764 -0.15648961171783102 0.9590432478352698
vn 0.5508339657424521 -0.1645520782006311 0.8182325804710397
vn 0.08093668440649751 -0.1544580515395753 0.9846786092080406
vn 0.8246497098493736 -0.17664723113598285 0.5373533397842938
vn 0.3966067527294945 -0.159488156597269 0.9040279927051876
vn 0.975946689861489 -0.18470500127652661 0.1158107121636044
vn 0.6964541298597065 -0.17050761330266992 0.6970500690819753
vn 0.9215108798211821 -0.18071060055567498 -0.3437460941130797
vn 0.9224866005126647 -0.181887722972199 0.34049277247333215
vn 0.6944634467860601 -0.16827159182567955 -0.6995750084604774
vn -0.23901172646537736 -0.15348788363642865 -0.9588090864133746
vn 0.97561964972533 -0.18425433614924352 -0.1192335467895942
vn 0.3941133401395217 -0.15680372280865032 -0.9055866980236723
vn -0.5504819779905333 -0.16302799242319288 -0.8187743679391127
vn 0.8230679542901304 -0.17503325934639985 -0.5402985292810226
vn 0.0780707625346071 -0.15128817507986778 -0.9854018693498955
vn -0.824352371096757 -0.1765819375102344 -0.5378308169046158
vn -0.08057670779842689 -0.15151893457003002 -0.9851646596519437
vn 0.23632799893706466 -0.15325250716747074 -0.9595117226825773
vn -0.9756060260139143 -0.18616939853768316 -0.11633502075237376
vn 0.5485556487714225 -0.16191556883339267 -0.8202865650309792
vn -0.9221275419828698 -0.1824799445215931 -0.34114786554224114
vn -0.9211394705715118 -0.18355534131270912 0.3432339033819502
vn -0.39636165972995274 -0.15744681758981247 -0.9044931919738023
vn -0.696120192101215 -0.1696030921329909 -0.6976040920808132
vn -0.6941159850563815 -0.17185882509874387 0.6990475974673602
vn -0.9752946821350976 -0.18638362830517727 0.1185808842048188
vn -0.39375516660449095 -0.16036499279670122 0.9051187424076377
vn -0.05919010669792831 -0.678829461439309 -0.7319064786918515
vn 0.17506596921981618 -0.6831779544163612 -0.7089568315635323
vn -0.657429333359528 -0.7492966480175522 -0.07963168281599398
vn 0.3948150484659218 -0.7038142195080964 -0.5905646636254671
vn -0.6272381363073111 -0.7431193135913408 -0.23312229865301526
vn -0.6265979919381225 -0.7437953732660076 0.23268734217226564
vn -0.2888200090134674 -0.692356171907121 -0.661230620597366
vn -0.49058883252453844 -0.7184827984365992 -0.4930568585395843
vn -0.48916801753458167 -0.7200234817610148 0.49222031280112033
vn -0.6571012499033623 -0.749641815611546 0.07908916273462624
vn -0.286919613191003 -0.6945616475882948 0.6597433237750563
vn -0.5687919734278577 -0.7332861315848416 0.3725146174170644
vn -0.05722362531964204 -0.6810519279007974 0.7299957042393362
vn -0.39348022567085145 -0.7064757502766573 0.5882731731747164
vn 0.17712030959371214 -0.6854686186450597 0.7062302519591337
vn -0.1735775986307073 -0.685842159464698 0.7067470194874522
vn 0.3965057282297877 -0.7056727457455807 0.5872045498741123
vn 0.060534659586844744 -0.6810062692245424 0.7297712081642951
vn 0.5711921554238356 -0.732328663393369 0.37072125695022456
vn 0.29009205003396893 -0.693939078622694 0.659010741693469
vn 0.6588750851803645 -0.7482782563192568 0.07722223286321224
vn 0.49188675267193716 -0.7190958377938563 0.49086515318711366
vn 0.6279562054071398 -0.7419044998341101 -0.2350504567461316
vn 0.6286769801214743 -0.7426407874615709 0.23075943201481755
vn 0.4904169716701589 -0.7175935774179845 -0.49452062802913455
vn -0.1758633219313784 -0.6836016323050986 -0.7083508313745845
vn 0.6585953906980901 -0.7480797865806599 -0.08141710054199057
vn 0.2882010395430729 -0.691836521072608 -0.662044098921245
vn -0.3951488439933485 -0.704506640516576 -0.5895148722116927
vn 0.57026251200553 -0.7309869402479181 -0.37477828190562157
vn 0.058441034450040584 -0.6786714944269218 -0.7321131388963988
vn -0.5699013634800267 -0.7320808134221093 -0.37318911897699997
vn -0.356982651911899 -0.933159933428712 0.042141723710234044
vn -0.16401090764753565 -0.9112973130135497 0.3776739724509968
vn -0.31386769810663534 -0.9270751683904466 0.20498463415355633
vn -0.03266437476614024 -0.9053713372321417 0.42336246921476256
vn -0.22268357273957717 -0.9163401425968536 0.33276533698315947
vn 0.10287930978527175 -0.9072494164361533 0.4078165567928372
vn -0.10011791224908612 -0.907440521257659 0.4080785512943713
vn 0.2253568664741453 -0.9159351491385117 0.3320799381256967
vn 0.03564390885937861 -0.905264371152297 0.4233508356947704
vn 0.31618079746251004 -0.9264447246166566 0.20427891605826287
vn 0.16688294562219946 -0.9109889863507699 0.3771593154199629
vn 0.3588610199876968 -0.9324885827572755 0.041034270563977064
vn 0.27593775693238703 -0.9213547076414786 0.27379528302366446
vn 0.3440502309313744 -0.9300017281696923 -0.12932990449796966
vn 0.3444028220679939 -0.9303859015026241 0.1255737649222604
vn 0.2750588264392058 -0.9205000429983154 -0.27752894054131777
vn -0.10109571156517116 -0.9061237911885114 -0.41075458870874565
vn 0.3587403425165951 -0.9323445885661592 -0.04515456590950296
vn 0.16566976137477296 -0.9097893087330812 -0.38057449189483
vn -0.2236494496944134 -0.9153099111257018 -0.3349458019537582
vn 0.31559258999817796 -0.9258144108248926 -0.2080120040939919
vn 0.03434220247997375 -0.9039388446216599 -0.42628063328385396
vn -0.31446557839417055 -0.9264115066854685 -0.20705825336358874
vn -0.033942270069555386 -0.9039785316513497 -0.4262285028197848
vn 0.10180302054659908 -0.9059668731789225 -0.41092599055060364
vn -0.3570941340223977 -0.9330332849382209 -0.043962127384678
vn 0.22438775313691026 -0.914890669045456 -0.3355967817720054
vn -0.3426460837548013 -0.9306256469044027 -0.12856736215408485
vn -0.34224295607346555 -0.9310599510358656 0.12647974776693588
vn -0.1651483118424712 -0.910103468657278 -0.3800496170680524
vn -0.27409729931292126 -0.9210246956001114 -0.2767384696858848
vn -0.27321725157990906 -0.9218821545548855 0.2747464768697919
vn -0.05870047625699924 -0.9687981795839008 0.2407993798208823
vn 0.13283703280498896 -0.9718270474987213 0.19469594876495175
vn 0.021631083793163308 -0.9679736156105441 0.25011832339071877
vn 0.1848827066398966 -0.9755793783773702 0.11858862201041948
vn 0.09890374568547476 -0.9700285088297317 0.22195211453588448
vn 0.2088566216283524 -0.9776725236706828 0.023137589792141894
vn 0.16198095167668564 -0.9738072163636571 0.15956715405114263
vn 0.20060937823241423 -0.9767255897904066 -0.07591442296287884
vn 0.20073926317412788 -0.9769774081211083 0.07224190086971563
vn 0.16146897402899557 -0.9732825641487074 -0.1632446653037728
vn -0.059484825533253835 -0.9680427098271046 -0.24362854406221468
vn 0.20873699929589393 -0.9776014924232068 -0.02691072531287399
vn 0.09819803445682465 -0.9693277276559304 -0.2253018029803732
vn -0.1311248401540039 -0.9714745799353128 -0.1975940708475194
vn 0.18454604156803245 -0.9752050323497188 -0.1221388694124613
vn 0.020819150380280847 -0.9671749910366784 -0.25325698349827286
vn -0.1829670335058655 -0.9755709924797291 -0.12159072037857094
vn -0.01972514748731194 -0.9672098815479315 -0.25321130226085886
vn 0.06073323898787926 -0.9679089139207219 -0.24385202077253715
vn -0.20694325194088387 -0.978001941809363 -0.026204814314315324
vn 0.132391012805997 -0.9712130854049579 -0.19803475065347664
vn -0.19892804218196314 -0.9771133694178177 -0.07534651510594573
vn -0.19872421869343837 -0.9773454835565215 0.07283193445427373
vn -0.09705131804105041 -0.9695247695603597 -0.22495057873992272
vn -0.1600717564233887 -0.9735793678043012 -0.16285038342389252
vn -0.15962331531239454 -0.9740966400237183 0.1601753198941167
vn -0.2069015170659755 -0.9780709360930887 0.02385385096346404
vn -0.09650123324346327 -0.9702202763153295 0.22217139196822003
vn -0.1826757777471724 -0.9759559832625174 0.11890954107454306
vn -0.019146451692750106 -0.9680045385414718 0.25020117256058055
vn -0.1304547694652497 -0.9720708645780798 0.19508917797303207
vn 0.06134272478609491 -0.9686831505782897 0.24060345779214448
vn 0.04900165858437444 -0.9976770481607583 0.04732171836711333
vn 0.06066164426156904 -0.9978768538700038 -0.023705472490252
vn 0.060803482452856536 -0.997934579068036 0.02072468146696907
vn 0.04926217382128492 -0.9975335009556926 -0.05000152699149336
vn -0.017187765846471602 -0.997055381445354 -0.07473384130410245
vn 0.06313682651560032 -0.9979671157376666 -0.008681995380200194
vn 0.030331637421377757 -0.9971564249756528 -0.06898591088848106
vn -0.03870274194807029 -0.9974083582797093 -0.0606519958408311
vn 0.0558297723898633 -0.997710546422727 -0.038166766587699144
vn 0.006986160149056216 -0.9969520756687995 -0.07770297540019915
vn -0.05406241914887335 -0.9978165601596581 -0.03793899190699451
vn -0.005529571970535359 -0.9969707397108508 -0.07758071921696774
vn 0.018938196029658294 -0.9970278481727248 -0.07467807375132463
vn -0.06134780973700001 -0.9980754882858968 -0.009042451179938515
vn 0.040534859794170916 -0.9973343498989756 -0.06067223131758541
vn -0.05892879549866217 -0.997993438548431 -0.02316233311555794
vn -0.05889204782397457 -0.9980451293696005 0.020920001068739234
vn -0.02866136616177849 -0.9972085603755143 -0.06894645171098393
vn -0.047543196413255134 -0.9976255277325242 -0.04982921724463726
vn -0.047394435793807865 -0.9977778203933584 0.046831491401255566
vn -0.06134397813310373 -0.9980997625733738 0.005812082052104476
vn -0.028132279383664707 -0.997422654737515 0.06600471705149236
vn -0.05422070451779801 -0.9979362063189225 0.034401211016335934
vn -0.005071148343135688 -0.9972067792105469 0.07451793710919455
vn -0.03847590949845561 -0.997598591026859 0.057590412131645785
vn 0.018985798014829216 -0.9972557425040892 0.0715578333682464
vn -0.017290580968345036 -0.9972883574293425 0.0715329850185315
vn 0.04093757176650636 -0.9975255685360702 0.05715641114216617
vn 0.007215092430021019 -0.9971946995141274 0.0745028435843587
vn 0.056287946046198745 -0.9978349106491041 0.03401702837983807
vn 0.03040132369284326 -0.9973765349652949 0.06569480206488877
vn 0.06315272369089202 -0.9979889388230887 0.0054599887534200475
vn 0.0009514676577657887 -0.9999979450905294 -0.001790118435983907
vn 0.0005548203188741387 -0.9999962560884134 -0.0026795491356731787
vn 0.00012854340802418443 -0.9999986565269283 -0.0016341422615841503
vn 0.00044916604643719895 -0.9999995282826855 -0.0008612109320118238
vn 0.0007009881176905655 -0.9999984179501116 -0.0016348433971322435
vn 0.0020233079081905052 -0.9999972745120871 -0.0011649864834049565
vn 0.0009913370298975934 -0.9999976454189053 -0.001930390514512929
vn 0.0010571153428616865 -0.9999981961510105 -0.001578037349697232
vn 0.0010617167524768674 -0.999995529126029 -0.0027954401247636427
vn 0.001280015129594092 -0.999999067447025 -0.0004760948941104417
vn 0.00037316650923701456 -0.999999081887999 -0.0013026779785752344
vn 0.0008988646902497319 -0.9999981108913897 -0.0017234430424623044
vn 0.0011548360101118003 -0.9999986557404836 -0.0011639892677877417
vn 0.00099016000735166 -0.9999971651713261 -0.0021654635696746484
vn 0.0006969565770730532 -0.9999984706228997 -0.00160405841274297
vn 0.0008445223180897935 -0.999998180277878 -0.001710620643832387
vn 0.0009655003788696591 -0.9999982073353855 -0.0016288446929535111
vn 0.0009434920153279802 -0.999998557749895 -0.001412204286608253
vn 0.0013463742094793445 -0.9999978466214582 -0.0015792494846896732
vn 0.00042592475273864707 -0.9999984088703823 -0.0017322946657321633
vn 0.0010926882137008104 -0.9999981681147985 -0.001571559580530572
vn 0.0015389709260240124 -0.9999974932165399 -0.0016263852942107054
vn 0.0009497455115601623 -0.9999981329133844 -0.0016829002372934262
vn 0.0004693764497281 -0.9999993024229277 -0.0010839000907823069
vn 0.0011723977082457892 -0.9999975024472789 -0.001902782914151268
vn 0.0004754799666474569 -0.9999995320342061 -0.0008425260650980052
vn 0.0012834522548729188 -0.9999990624320745 -0.0004773733147773807
vn 0.0013090883248635405 -0.9999954680735491 -0.002711110495990088
vn 0.0012837512264381363 -0.9999983410747331 -0.0012922192424436782
vn 0.0012975735136168912 -0.9999975658426815 -0.0017845480348861592
vn 0.0011705558372940887 -0.9999986349806864 -0.0011661199748651658
vn 0.0007835829972351483 -0.9999980597377491 -0.0018073512175357915
vn -0.7066762033765461 0.0004511913572551182 -0.7075369531039842
vn 0.08162690845876798 -0.001497624111971038 0.9966618307818773
vn 0.24207669352629355 -0.0013076534330390885 0.9702562365137758
vn 0.4016190244401176 -0.0010643414335975657 0.9158062166119431
vn 0.5581205837051659 -0.0007826903999748154 0.8297594840918318
vn 0.7066761205383999 -0.0004480626011328928 0.7075370378296125
vn 0.8376587859787938 -0.00006572944983139526 0.5461938794532332
vn 0.9380171178992577 0.0003416932519227083 0.3465887617533089
vn 0.9929754605894843 0.0007545396262917577 0.11831806851472033
vn 0.9926482078121385 0.0011324727240446919 -0.12102996749929003
vn 0.9369962607685923 0.0014431924231385954 -0.34933640592029064
vn 0.8360384233049628 0.0016597716012097237 -0.5486683879320768
vn 0.7045588735847643 0.0017862547288560037 -0.7096432927513736
vn 0.5558468792081188 0.0018388106157778625 -0.8312826629072173
vn 0.3989243771758074 0.0018243406272921935 -0.9169820134965407
vn 0.23934710970162398 0.0017635362989459945 -0.9709324647045237
vn 0.0787513825858383 0.001650233011733548 -0.9968929212667859
vn -0.08176775250895003 0.0014950024441776053 -0.9966502895285423
vn -0.2419292225437905 0.0013017362575915106 -0.9702930262359267
vn -0.4016191077863212 0.0010697138347821487 -0.9158061738016573
vn -0.5581204766100933 0.0007833503268435097 -0.829759555504357
vn -0.7067192983407591 0.0004495768716565392 -0.7074939089726368
vn -0.837632058766179 0.00007149105884249348 -0.5462348661667077
vn -0.9380393315709892 -0.0003447537231802416 -0.3465286331181339
vn -0.9929754497305644 -0.0007570846760340167 -0.11831814338966273
vn -0.9926454368712456 -0.001130232595256617 0.12105271262129771
vn -0.9369885629716102 -0.0014397159230544797 0.3493570667361088
vn -0.836120685978984 -0.0016583951677716054 0.5485430231107685
vn -0.704515775396897 -0.0017895203920715603 0.7096860713256782
vn -0.5558084413098081 -0.0018407228672746342 0.8313083593397145
vn -0.3989537029757142 -0.0018273662467261317 0.9169692490016043
vn -0.0008002514668395399 0.9999977452200997 0.0019670160920720364
vn -0.23918121948473883 -0.0017623154789384065 0.9709733459214758
vn -0.07874569708042105 -0.0016502320970913568 0.996893370388902
vn 0.7045588685882969 0.001791489213609842 -0.7096432845169302
vn 0.3989243720661609 0.0018297226353675795 -0.9169820049961162
vn 0.24207668895946313 -0.001302969295104788 0.970256243954884
vn -0.8376320526040869 0.00006514253604569626 -0.5462348764100607
vn 0.7066761170319286 -0.0004441860880783495 0.7075370437760804
vn 0.23934710901010178 0.0017643237645657787 -0.9709324634443738
vn -0.23918121995579789 -0.0017618214062315118 0.9709733467020549
vn 0.07875138522442213 0.0016477305551961632 -0.9968929251977127
vn -0.9929754496616312 -0.0007571562152426199 -0.11831814351039749
vn 0.40168626424407083 -0.001060539537960929 0.9157767306355469
vn 0.5581205792874848 -0.0007783112403821932 0.8297594911824844
vn -0.938039330132113 -0.0003462958969257012 -0.34652863547540813
vn -0.07874569930409443 -0.001647530817808821 0.9968933746812212
vn -0.08176775258635381 0.0014950834015125666 -0.9966502894007505
vn 0.9369962637268758 0.0014400136296273767 -0.34933641110342595
vn -0.241929225993834 0.0013055708992363107 -0.9702930202236084
vn -0.4016191012155687 0.0010629180984008317 -0.9158061845957992
vn 0.8376587853201017 -0.00006505243011389844 0.5461938805444758
vn 0.9929754578214075 0.0007574493865701663 0.11831807315365217
vn -0.7067192947272021 0.00044582930908001756 -0.7074939149537001
vn -0.9369885605125395 -0.0014423596536480962 0.349357062426493
vn -0.5581204740128406 0.0007803666117617863 -0.8297595600628133
vn 0.8360384202855317 0.0016628040409418536 -0.5486683833511774
vn 0.08162690598965198 -0.0014952348778778872 0.9966618345713939
vn 0.9926482050906751 0.0011353581155704845 -0.12102996278695065
vn -0.5558084425441111 -0.0018395160286924716 0.8313083611858296
vn -0.9926454316660317 -0.001135691239383549 0.12105270421583489
vn -0.836120681238604 -0.0016634038605892977 0.5485430151708154
vn -0.3989537028875346 -0.001827459105213614 0.9169692488549133
vn 0.5558468739442861 0.0018443241649075757 -0.8312826542125968
vn 0.938017116120572 0.00034360473954144215 0.3465887646774317
vn 0.7671019071880054 0.4005160393592824 0.5011402659979325
vn -0.7666052687333668 0.398830818559005 0.5032398435316869
vn -0.2263863567898937 0.3585362619485521 -0.9056494721068181
vn 0.07607832927128082 0.3515586222810839 0.9330694630707388
vn -0.07398986062839574 0.3512231597704192 0.9333636979040235
vn -0.9022316961795346 0.4167765997060386 0.110793647590793
vn 0.22572793824282128 0.35543311597934046 0.9070359408324798
vn -0.8551128809992119 0.4114911087890489 -0.3153680835734446
vn 0.07330730816056796 0.35519369849141147 -0.9319138775242292
vn -0.8544862390802588 0.40990776934085105 0.3191063895575935
vn 0.5170872403847471 0.3745431983376244 0.7696350943208802
vn -0.6517577280471484 0.3883669895902843 -0.6514468092848406
vn -0.6494848702986346 0.38700455864411554 0.6545203395172982
vn -0.37186451245014296 0.36306948459979155 0.8543402915306404
vn -0.37429302237986734 0.3658446805112576 -0.8520929545180854
vn 0.3712795941107915 0.3660004797072826 -0.853343489956398
vn -0.07672012113229608 0.3542420784562919 -0.9320013802910445
vn 0.22306676536799902 0.35864628349394645 -0.9064292920709469
vn 0.6491401064055178 0.38926059505075516 -0.6535237649822424
vn 0.5147587382360767 0.37698941553348037 -0.7700015727161391
vn -0.9024562943901254 0.41736255659073956 -0.10668239344749171
vn 0.765722580703405 0.4022708807503805 -0.5018436687866358
vn 0.8533906676109451 0.41319883355095793 -0.317790957056165
vn 0.9015376195725839 0.41866374580987264 -0.10931874697345154
vn -0.767873818514308 0.40074827602442165 -0.49977056546350307
vn 0.8544982596865967 0.4119308733668688 0.31645802211318086
vn 0.9017510175951228 0.41852071491876963 0.10809955342203087
vn 0.6510690264958057 0.387022319242725 0.6529340297042162
vn -0.22375602893153437 0.3558808297205237 0.9073489265735769
vn -0.517724649517999 0.37565692851890337 -0.768663163770197
vn 0.37364311889295926 0.36349626342519764 0.8533822626349
vn -0.5155295798231364 0.37345294052790123 0.7712082426546311
vn -0.08151866430476402 0.001479366741220685 -0.9966707173605595
vn -0.5581380919721426 0.0007873880528009891 -0.8297477028047444
vn 0.2392726748416927 0.001752834894685558 -0.9709508301886011
vn -0.24197604648915821 0.001307652664824077 -0.9702813421734878
vn 0.5556823190760856 0.0018482619991554638 -0.8313926534398811
vn 0.0785740468887824 0.001657798314122899 -0.996906901801903
vn 0.8360952080244778 0.0016655682277982662 -0.5485818343702094
vn 0.39901529142738923 0.0018228217948167195 -0.9169424597693249
vn 0.9926346399465221 0.001152245499647901 -0.12114100836854096
vn 0.7046817234524868 0.0017771612106557328 -0.7095213247888075
vn 0.938011653604047 0.00034079212071261663 0.3466035509970026
vn 0.9369641680903494 0.0014451099438866234 -0.3494224654655299
vn 0.7067380258500543 -0.0004232270132763749 0.7074752177260086
vn -0.239219989841643 -0.0017659849678197312 0.9709637880772165
vn 0.9929833245378845 0.0007588713932467826 0.11825202452346825
vn 0.4015245623257706 -0.001072935539241265 0.9158476263322557
vn -0.5557552593263965 -0.001825710862426572 0.8313439471788417
vn 0.8376496752849714 -0.0000601722669777944 0.546207852263477
vn 0.08166482422815018 -0.001477014338330519 0.9966587554988067
vn -0.8360695587023773 -0.0016429098902191052 0.5486209929070386
vn -0.078860482479772 -0.0016580120389118737 0.996884283805867
vn 0.24211629546999985 -0.0012877486936360152 0.9702463816841504
vn -0.9926454349468569 -0.001135369447506513 0.12105268033126398
vn 0.5581746172935335 -0.0007647801110324782 0.8297231536606648
vn -0.9369856905052626 -0.0014196228672762178 0.34936485292497776
vn -0.938011668892767 -0.00032475110430105496 -0.34660352502207287
vn -0.3989232073981164 -0.0018119681512959466 0.9169825469280309
vn -0.7046409618052395 -0.001805947090155722 0.7095617333969573
vn -0.7066559103198415 0.00044262944728047296 -0.7075572262999004
vn -0.9929913450155744 -0.0007573800201204402 -0.11818466524750842
vn -0.401680660524165 0.001078116010657164 -0.9157791680458439
vn -0.837661561404529 0.00008287010527385015 -0.5461896206244422
vn 0.15577235541480883 0.9599817680448476 -0.23274444850524587
vn -0.11732949191469264 0.9573623900878393 -0.26399061417470854
vn 0.15617620667450238 0.9593527339943003 0.23505600236204194
vn 0.07003621561716396 0.9555496336688531 -0.28639103704087304
vn -0.1926764138568479 0.9625884287628761 -0.1905237947215058
vn -0.24874009907157107 0.9681665856766218 -0.027961142557805286
vn -0.23839204183269325 0.9673393102779771 -0.08616201704792585
vn 0.21795630107814531 0.9652392167405361 0.1442508415450305
vn -0.24878646264266374 0.9680375786922447 0.031757554147113676
vn -0.23845163286202373 0.9669634692886407 0.09012473493281767
vn -0.22035058510640967 0.9645152185244679 0.14545106695366986
vn 0.24612117117049834 0.9687483867571788 0.030837189512434755
vn -0.15709841323431883 0.9591623844232406 0.23521821542300486
vn -0.19180637954807692 0.9621081800351541 0.19379928450358896
vn -0.07179537322509678 0.9546243078724903 0.28902915977879784
vn 0.023597476958360408 0.9533326494986679 0.30099836956543435
vn -0.11678742337172583 0.9564081108825082 0.2676643853416908
vn 0.11552156132651616 0.9567452052386932 0.267008204221247
vn 0.11458886886191652 0.9577063517135427 -0.26394684127771373
vn 0.1902275525727607 0.9629643315168837 -0.19108420779441473
vn 0.1905004821865406 0.9624972014600639 0.1931546102691858
vn -0.15797237050080873 0.9598349950258959 -0.23186528951525714
vn 0.23742227670225668 0.967475564459298 -0.0873023178368119
vn -0.0242798063580453 0.9539261467156275 0.299057515564299
vn 0.23711452495738758 0.9673454184386121 0.08955190383268755
vn -0.072569138229175 0.9556161760469869 -0.28553711537032983
vn 0.24742915250689962 0.9684787466569592 -0.028770327830648784
vn 0.022662346789937303 0.9546611527527032 -0.29683076232569383
vn -0.025401826738329115 0.9542944616183223 -0.2977865472497921
vn 0.07095912716347957 0.9545197894488346 0.2895803408775361
vn 0.21815689312495454 0.9655069426953268 -0.1421404713274522
vn -0.22024895093481123 0.9651088696056525 -0.14161662833373362
vn -0.4687580709095772 0.5370207031660413 0.7013377469723003
vn 0.3409893798846886 0.5253154109366989 0.7795960247706903
vn -0.47047484528049394 0.5400278602597363 -0.6978705683015914
vn -0.2053576229097586 0.5156237593561166 0.8318415627391547
vn 0.5874613064911238 0.554318845057973 0.5895929370246364
vn 0.8028390261034221 0.5883122360937602 0.09663441947706272
vn 0.7622106180918405 0.5823417470545974 0.28268898688391414
vn -0.6891333443425236 0.5695647636214868 -0.44798572941120435
vn 0.8016522671441415 0.5898716061175646 -0.0969800540262934
vn 0.7619924510367257 0.582265921033494 -0.28343235836096875
vn 0.687275226992504 0.5700701788847351 -0.45019190742252163
vn -0.8028718542486191 0.588600287388905 -0.09458587284094012
vn 0.4674483681178595 0.5411052553853088 -0.6990687560879474
vn 0.5858693437490101 0.5557610638130067 -0.5898192536739872
vn 0.20409990935115127 0.5188696400156214 -0.8301310280148015
vn -0.07066669709147316 0.5135407003878266 -0.8551503768153076
vn 0.3388219697602343 0.5276357534403607 -0.7789738021905602
vn -0.3419071830444974 0.5273487030602436 -0.7778192743582892
vn -0.3397879438911053 0.5245304539815195 0.7806484202457571
vn -0.5869491159310045 0.5529074983150348 0.5914254252353562
vn -0.5883503051996802 0.5554889612544247 -0.5876018484449511
vn 0.4695174672206419 0.5386912321843398 0.6995463561068926
vn -0.7626303978456425 0.5806367213838367 0.28505415987567334
vn 0.06724370763110056 0.5136273362220746 -0.8553743293257281
vn -0.7642654349861635 0.580223261679544 -0.2814947805757011
vn 0.20659818824773532 0.5165423245284746 0.8309640278516714
vn -0.8030351543022727 0.5876725274692487 0.09887133766987576
vn -0.06800345183535211 0.512037764446895 0.8562668149115108
vn 0.06959935707526964 0.5115019916880182 0.8564587800903787
vn -0.20762009185852315 0.5184085915570567 -0.8295459177504807
vn -0.6877663989609695 0.5681131018821002 0.4519124737492418
vn 0.6880701075534867 0.5692856322792462 0.4499704389976658
vn -0.8243399235377358 -0.176594521342651 -0.5378457636660904
vn -0.08041604517599524 -0.1514363881032717 -0.985190479063053
vn -0.5505891034192748 -0.16297005233300327 -0.8187138701881981
vn 0.23627848760502687 -0.15299273025677662 -0.9595653707714022
vn -0.23908065494495417 -0.15352307427550055 -0.9587862671607739
vn 0.5483147475873111 -0.16185732438446457 -0.8204591056971492
vn 0.07800384383503467 -0.15149268307794736 -0.9853757493062251
vn 0.8230887986820472 -0.17491334949117351 -0.5403056076461941
vn 0.3941815870002765 -0.1566821968425578 -0.9055780284782385
vn 0.9756130731551141 -0.1843266277822678 -0.11917560899467375
vn 0.6946537798268128 -0.16833710763360749 -0.6993702484134376
vn 0.9225555467940697 -0.1817174015882226 0.3403968992801195
vn 0.9214860760285549 -0.18071612143604907 -0.3438096786575501
vn 0.6964054498200669 -0.17064728320901243 0.697064526564287
vn -0.23626177419332042 -0.15658909326201892 0.9589891709119573
vn 0.9759572606861511 -0.18462590951821997 0.1158477399371871
vn 0.3967119957038399 -0.1595472949701226 0.9039713784918157
vn -0.5481014276375987 -0.16566319361723994 0.8198417721134752
vn 0.8246454616919019 -0.17658949517412242 0.5373788353713782
vn 0.08079022944435044 -0.15445458500225473 0.9846911800143793
vn -0.8227343802772504 -0.17815778678210836 0.5397850891963484
vn -0.07770462761527021 -0.15453445148060063 0.9849269486376957
vn 0.23932440139486294 -0.15608811431791478 0.958311187175475
vn -0.9752578054798565 -0.18652748580023315 0.11865795334345912
vn 0.5508059489037982 -0.1646358316803773 0.8182345932427307
vn -0.9211776155529849 -0.18357652610075031 0.34312018254381044
vn -0.9221192345952481 -0.18256467677660687 -0.3411249858672437
vn -0.3937689271356169 -0.16039464835550857 0.905107501240255
vn -0.6941238740629367 -0.17180746187968915 0.6990523896664109
vn -0.6961371401401831 -0.169744448476724 -0.6975527968037831
vn -0.9755915017352956 -0.1861617284986699 -0.11646901984758981
vn -0.39629784358405845 -0.15760480474456412 -0.904493639940079
vn -0.057125633842389466 -0.681128354220512 0.7299320701510257
vn 0.17715533021842128 -0.685437643366666 0.7062515317018104
vn -0.6570727883878517 -0.7496799807754158 0.07896377134348419
vn 0.39651671410584466 -0.7056564214207612 0.5872167490308404
vn -0.6265626930986362 -0.7438125919307661 0.2327273505676113
vn -0.627168806962408 -0.743115911255338 -0.2333195877171452
vn -0.286847255535287 -0.6945114301594962 0.6598276482307217
vn -0.4890591754474321 -0.7199674175728318 0.49241043910967774
vn -0.49046626232563606 -0.7185383654076877 -0.493097822908973
vn -0.6574230883265992 -0.7493234402189602 -0.07943088110765924
vn -0.28883239627939183 -0.6924159156824574 -0.6611626475906882
vn -0.5699348060066342 -0.7320853563615425 -0.3731291303331515
vn -0.05918842736449558 -0.6787179090120814 -0.7320100614420445
vn -0.39517874590300595 -0.7046275456303571 -0.589350303915648
vn 0.17510054190760843 -0.6832525384957735 -0.7088764129682575
vn -0.17587375644054942 -0.6835416849175772 -0.7084060888893673
vn 0.39472984388850163 -0.7039736512851694 -0.5904315782882772
vn 0.05834859134473559 -0.6785349048702056 -0.7322471063519923
vn 0.5702770113607408 -0.7308989107835823 -0.37492787643603503
vn 0.2882380546147568 -0.6918762346223407 -0.6619864801011517
vn 0.6585708925303879 -0.7480958453087903 -0.08146769754605149
vn 0.49048122893674634 -0.7174465682365537 -0.49467017879218383
vn 0.628613827179889 -0.7426807617926194 0.23080282134624602
vn 0.6280061042613418 -0.7419269591582812 -0.23484616301877012
vn 0.4919246997223322 -0.7191108260562403 0.4908051646547795
vn -0.17379464402270245 -0.6857965899574755 0.7067378997278415
vn 0.6587955780552828 -0.7483471614567517 0.07723284453150832
vn 0.2901338748956433 -0.693944704122381 0.6589864052152673
vn -0.393482951700623 -0.7065225440855897 0.5882151489206914
vn 0.5712490836315238 -0.7322153455356423 0.37085734752363275
vn 0.060432636225465096 -0.6810104637854948 0.7297757495926444
vn -0.5688145640065462 -0.7333171643170822 0.37241902246259734
vn -0.35705945359201074 -0.933041644036777 -0.044066280688563206
vn -0.16501950192238135 -0.9101076036589374 -0.38009566394195543
vn -0.3143971839035399 -0.926414576272845 -0.20714836138074813
vn -0.03386393394454355 -0.90401332626769 -0.4261609319356091
vn -0.2236226503775135 -0.9152795035564909 -0.3350467737607989
vn 0.10190200059413064 -0.9059879454690306 -0.4108549925943685
vn -0.10142953582786478 -0.9061459591471689 -0.41062336755596524
vn 0.22436405794838213 -0.9148601552384826 -0.3356957936256494
vn 0.03440200644877462 -0.9039535227088945 -0.42624468411286837
vn 0.31552353183515575 -0.9258582042419217 -0.20792182784929958
vn 0.165734753014991 -0.9097769848759413 -0.3805756553342602
vn 0.3587471185082924 -0.9323416542632678 -0.04516131848862033
vn 0.275009137254005 -0.9205355660640966 -0.2774603503887738
vn 0.34448776385323265 -0.9303873346204681 0.1253299171515758
vn 0.3440358992922764 -0.9299916471458523 -0.12944047372093234
vn 0.27592252395687533 -0.9213607540015818 0.2737902879192478
vn -0.10010978991159847 -0.9074282027272115 0.4081079353052556
vn 0.358825996516172 -0.9324940776526301 0.04121528074569947
vn 0.16691591197950878 -0.910979744506311 0.3771670497634509
vn -0.2226559720111759 -0.9162922470549737 0.3329156591611539
vn 0.3160505373527601 -0.9264821664696278 0.20431067777474718
vn 0.03575813888802336 -0.9052577863784784 0.42335528307132525
vn -0.31385036761882207 -0.9270206300332476 0.2052576386843889
vn -0.03269383295318037 -0.9053345942234088 0.4234387627380912
vn 0.10294055720824839 -0.9072687366111687 0.40775811610516055
vn -0.3569854277485341 -0.9331663071746333 0.04197674986530607
vn 0.22527535261781376 -0.9159289386442236 0.33215236692967587
vn -0.3423365042735554 -0.9310323106823906 0.12643003720307502
vn -0.34273560857546737 -0.9306241449356581 -0.12833940734310542
vn -0.16406918433972453 -0.9112690434460522 0.37771686910570323
vn -0.27331297284144146 -0.9219010186473214 0.2745879288927403
vn -0.2741625913729101 -0.9209913312717805 -0.2767848283665927
vn -0.05976190809822655 -0.9680332205310864 -0.243598436548087
vn 0.13241097377366065 -0.9712288349475995 -0.19794414411808073
vn 0.020866039140611557 -0.9671774385818683 -0.2532437772360835
vn 0.18455658040865544 -0.9752012955988003 -0.12215278011688842
vn 0.09801624696344573 -0.9693162510843162 -0.22543030123532146
vn 0.20883654010878083 -0.9775710125066764 -0.02724362351202996
vn 0.16138254805360464 -0.9732524561219535 -0.16350941818840548
vn 0.2005262180226536 -0.9769753914674095 0.0728582208994516
vn 0.20060557430926673 -0.9767364362036032 -0.07578481212178281
vn 0.1618662741752689 -0.9737866276004606 0.159808989706895
vn -0.058779271972688445 -0.968801912010653 0.24076513965037324
vn 0.20894224312671386 -0.9776530405690876 0.023187740364148775
vn 0.09876962636968556 -0.9700324981818836 0.22199439942891946
vn -0.13047605325855588 -0.972096452634429 0.19494739367744868
vn 0.18513155909594514 -0.9755879840205139 0.11812870633971234
vn 0.021256795848926483 -0.9679812860196559 0.250120727941469
vn -0.1827566150665465 -0.9759919858691816 0.11848908459663965
vn -0.01899609662173681 -0.9680232035169619 0.2501404121006764
vn 0.061517137727924324 -0.9686716540008338 0.24060521295485873
vn -0.20689572458234204 -0.9780781161043187 0.023608429582979578
vn 0.1330341564037375 -0.9718249468372473 0.19457180148913542
vn -0.19862367366460956 -0.9773521602085361 0.07301637621577062
vn -0.19889894008606643 -0.97711579666383 -0.07539185329097711
vn -0.09628197901060279 -0.9702171938330894 0.2222799525563373
vn -0.1595901323121767 -0.9740843921817334 0.16028283306868882
vn -0.1604429295538378 -0.9735892471865844 -0.16242550328948474
vn -0.20707226332655881 -0.9779831460845722 -0.02588520301908261
vn -0.0970875973271936 -0.9695195076299105 -0.22495760216158311
vn -0.18288878331108327 -0.9755671197477195 -0.1217394258493552
vn -0.019608626175061632 -0.9672156475608887 -0.25319832719213947
vn -0.13069375142266335 -0.9714659482303858 -0.19792184004780403
vn 0.06092984276797985 -0.9679417963651307 -0.2436723888948303
vn 0.049346108662954316 -0.997545813451025 -0.04967204068846871
vn 0.06125167727430624 -0.9979336954122634 0.01940545263343354
vn 0.06075360555326146 -0.9978712037029814 -0.023707809528548163
vn 0.04883591165286082 -0.9976815331623838 0.047398440056495905
vn -0.017497804896485145 -0.997297400861208 0.07135629656367967
vn 0.06306121501741306 -0.9979944566128852 0.005508877424654199
vn 0.03061504865101967 -0.9973692251154981 0.0657065262253805
vn -0.038495384846588335 -0.9975979729503305 0.057588103900934384
vn 0.05611943444499408 -0.9978335319170472 0.034334409264253095
vn 0.007778583721777473 -0.9971906556648912 0.07450026771702359
vn -0.054208283044795254 -0.9979368445452563 0.03440227243064264
vn -0.005020370786376234 -0.9972055229043391 0.07453818461869913
vn 0.018641293268045984 -0.997263916261872 0.07153449173181038
vn -0.06135903652973099 -0.9981006736634889 0.00548761046658107
vn 0.040708682997059376 -0.9975241738143477 0.05734392543808251
vn -0.058728409749721655 -0.998032589049777 0.021952792142867123
vn -0.058885821405609086 -0.9979801211194946 -0.02383564321988256
vn -0.028582193026445133 -0.9974339281506911 0.06564005801095081
vn -0.047022359522944625 -0.9977718207367836 0.04733171715138473
vn -0.047321394141369114 -0.9976301965874721 -0.049946736763867954
vn -0.06144292732647186 -0.9980754222466096 -0.008379629395502826
vn -0.028344009641510185 -0.9972062553801495 -0.06911079038863639
vn -0.053701627068500374 -0.9978117589820917 -0.03857238503463354
vn -0.005592985495414226 -0.9969703099113664 -0.07758169673629507
vn -0.03949119077425299 -0.9974086868377774 -0.06013615611071427
vn 0.018552399519388436 -0.9970116326429266 -0.07499075174152725
vn -0.01684334921917007 -0.9970638529558226 -0.0746992283492345
vn 0.040568137366464266 -0.9973339131559279 -0.060657166927742076
vn 0.007737790916274286 -0.9969762154928361 -0.07732109888845436
vn 0.05562604390744054 -0.9976996796037776 -0.03874393575422473
vn 0.03001310155579426 -0.9971480417284051 -0.06924591404703039
vn 0.06297073018366339 -0.9979854652258596 -0.007726469961185869
vn 0.0009553023705499983 -0.9999985225231426 -0.0014291077330772003
vn 0.0009575109395857344 -0.9999981275055493 -0.0016817128755822698
vn 0.0015379467863547596 -0.9999974485450526 -0.001654576401228756
vn 0.0014351257017776906 -0.9999989701783516 0.000007513747129732846
vn 0.0009645659165115584 -0.999998182540699 -0.001644544888951779
vn 0.0005246382467874595 -0.9999989031176072 -0.0013851058777181917
vn 0.0009536221904288695 -0.9999972081917614 -0.0021619929234757114
vn -0.00035588563708326257 -0.999999843366324 -0.00043198696828346077
vn 0.0012617382215077105 -0.9999990927856957 -0.0004716401658670992
vn 0.001094959471070982 -0.9999979185411207 -0.0017216205106746771
vn 0.0007094993779301135 -0.9999984208458558 -0.0016293914285365272
vn 0.0011643330041205932 -0.9999986353794956 -0.0011719930896740105
vn 0.0009155527916825962 -0.9999981085154125 -0.0017160211779951684
vn 0.0009751802840524256 -0.9999991134058571 -0.0009067584648248522
vn 0.001149831629348004 -0.9999979259142576 -0.001681087269427955
vn 0.0013685957101223305 -0.9999957734415408 -0.0025651598072975426
vn 0.0007028189982064668 -0.9999984449134545 -0.0016174721416046612
vn 0.0003733493317855468 -0.999999385358287 -0.0010439795613793113
vn 0.0004817634853423934 -0.9999979878859032 -0.0019473387196997658
vn 0.0013020335695881514 -0.9999976078769564 -0.0017575405966846467
vn 0.00039786626541285616 -0.9999970714907567 -0.002387197592476421
vn 0.0017966526443730022 -0.9999971026257989 -0.001602117125354308
vn 0.0005473985703908884 -0.9999962979514382 -0.002665415206648751
vn 0.0007760514562495683 -0.9999980959290625 -0.00179049780428827
vn 0.0011644821619795555 -0.999999311782885 -0.0001428812468686594
vn 0.0012941569378037137 -0.9999983140575 -0.001302704870021691
vn 0.0013197491672610588 -0.9999954802937125 -0.0027014170879149837
vn 0.0009639531562769285 -0.9999985211347769 -0.0014242621147964251
vn 0.00047656933726896773 -0.9999995361421222 -0.0008370168501047932
vn 0.0004332934866001411 -0.9999983450231762 -0.0017669769843622494
vn 0.0011805908505424854 -0.999997487259179 -0.0019056968730083528
vn 0.0011358100779476886 -0.9999978875252141 -0.0017131493152418536
vn -0.7045157718079728 -0.0017932735896364848 0.7096860654145954
vn -0.41566766668586336 0.1364838329687121 0.8992177457157409
vn -0.23184471076678276 0.12072788048449841 0.9652319974820497
vn -0.4135137505956873 0.17009212377327163 0.8944691428431648
vn -0.2231036321527161 0.12700388564081758 0.9664857900416332
vn 0.40997108526541665 0.14879187093797303 0.8998803744882286
vn 0.2344025579782636 0.12117216678875523 0.9645583169559863
vn 0.2147159173361998 0.12773911220024925 0.9682870411488353
vn 0.41758685330426953 0.14435942034029167 0.8970961920030948
vn 0.4081123169714011 0.13938945889035134 -0.9022277514499817
vn 0.23161792122608502 0.12422183403941524 -0.9648430310235915
vn 0.41478591072333176 0.1467275326435719 -0.8980109572993785
vn 0.2119216714831563 0.13079110358290355 -0.9684951690015554
vn -0.2262768753142999 0.11512015041134113 -0.9672363344432772
vn -0.23496055124116288 0.11093433436540928 -0.9656537230391402
vn -0.4174046830851673 0.1534574687787755 -0.8956696577503238
vn -0.43251981772403314 0.1796843158971873 -0.8835384280813876
vn 0.24404766017585924 0.09174974911969007 -0.9654132395503815
usemtl hiramekarei_wrapped
f 1/1/1 2/2/1 3/3/1 4/4/1
f 3/5/2 2/6/2 5/7/2 6/8/2
f 6/9/3 5/10/3 7/11/3 8/12/3
f 8/13/4 7/14/4 9/15/4 10/16/4
f 10/17/5 9/18/5 11/19/5 12/20/5
f 12/21/6 11/22/6 13/23/6 14/24/6
f 14/25/7 13/26/7 15/27/7 16/28/7
f 16/29/8 15/30/8 17/31/8 18/32/8
f 19/33/9 18/34/9 17/35/9 20/36/9
f 21/37/10 4/38/10 3/39/10 22/40/10
f 23/41/11 22/42/11 3/43/11 6/44/11
f 24/45/12 23/46/12 6/47/12 8/48/12
f 25/49/13 24/50/13 8/51/13 10/52/13
f 26/53/14 25/54/14 10/55/14 12/56/14
f 27/57/15 26/58/15 12/59/15 14/60/15
f 28/61/16 27/62/16 14/63/16 16/64/16
f 29/65/17 28/66/17 16/67/17 18/68/17
f 30/69/18 29/70/18 18/71/18 19/72/18
f 31/73/19 32/74/19 33/75/19 34/76/19
f 35/77/20 36/78/20 32/79/20 31/80/20
f 37/81/21 38/82/21 36/83/21 35/84/21
f 39/85/22 40/86/22 38/87/22 37/88/22
f 41/89/23 42/90/23 40/91/23 39/92/23
f 43/93/24 44/94/24 42/95/24 41/96/24
f 45/97/25 46/98/25 44/99/25 43/100/25
f 47/101/26 48/102/26 46/103/26 45/104/26
f 49/105/27 48/106/27 47/107/27 50/108/27
f 32/109/28 51/110/28 52/111/28 33/112/28
f 51/113/29 53/114/29 54/115/29 52/116/29
f 53/117/30 55/118/30 56/119/30 54/120/30
f 55/121/31 57/122/31 58/123/31 56/124/31
f 55/125/32 59/126/32 60/127/32 57/128/32
f 53/129/33 51/130/33 61/131/33
f 53/132/34 61/133/34 59/134/34 55/135/34
f 32/136/35 62/137/35 51/138/35
f 36/139/36 62/140/36 32/141/36
f 51/142/37 62/143/37 63/144/37 61/145/37
f 63/146/38 62/147/38 36/148/38 64/149/38
f 36/150/39 38/151/39 64/152/39
f 65/153/40 64/154/40 38/155/40 40/156/40
f 66/157/41 65/158/41 40/159/41 42/160/41
f 67/161/42 66/162/42 42/163/42 44/164/42
f 68/165/43 67/166/43 44/167/43 46/168/43
f 69/169/44 68/170/44 46/171/44 48/172/44
f 70/173/45 69/174/45 48/175/45 49/176/45
f 71/177/46 72/178/46 73/179/46 74/180/46
f 74/181/47 73/182/47 75/183/47 76/184/47
f 77/185/48 78/186/48 79/187/48 80/188/48
f 81/189/49 82/190/49 78/191/49 77/192/49
f 78/193/50 83/194/50 84/195/50 79/196/50
f 82/197/51 85/198/51 83/199/51 78/200/51
f 83/201/52 74/202/52 76/203/52 84/204/52
f 85/205/53 71/206/53 74/207/53 83/208/53
f 60/209/54 86/210/54 87/211/54 57/212/54
f 57/213/55 87/214/55 88/215/55 58/216/55
f 86/217/56 89/218/56 90/219/56 87/220/56
f 87/221/57 90/222/57 91/223/57 88/224/57
f 89/225/58 92/226/58 93/227/58 90/228/58
f 90/229/59 93/230/59 94/231/59 91/232/59
f 92/233/60 81/234/60 77/235/60 93/236/60
f 93/237/61 77/238/61 80/239/61 94/240/61
f 73/241/62 95/242/62 96/243/62 75/244/62
f 72/245/63 97/246/63 95/247/63 73/248/63
f 98/249/64 99/250/64 100/251/64 101/252/64
f 102/253/65 103/254/65 99/255/65 98/256/65
f 99/257/66 104/258/66 105/259/66 100/260/66
f 103/261/67 106/262/67 104/263/67 99/264/67
f 104/265/68 107/266/68 108/267/68 105/268/68
f 106/269/69 109/270/69 107/271/69 104/272/69
f 107/273/70 110/274/70 111/275/70 108/276/70
f 109/277/71 112/278/71 110/279/71 107/280/71
f 110/281/72 113/282/72 114/283/72 111/284/72
f 110/285/73 112/286/73 113/287/73
f 50/288/74 115/289/74 116/290/74 49/291/74
f 49/292/75 116/293/75 117/294/75 70/295/75
f 19/296/76 118/297/76 115/298/76 30/299/76
f 20/300/77 119/301/77 118/302/77 19/303/77
f 116/304/78 120/305/78 121/306/78 117/307/78
f 119/308/79 122/309/79 123/310/79 118/311/79
f 115/312/80 124/313/80 120/314/80 116/315/80
f 118/316/81 123/317/81 124/318/81 115/319/81
f 123/320/82 125/321/82 124/322/82
f 120/323/83 125/324/83 126/325/83 121/326/83
f 122/327/84 127/328/84 125/329/84 123/330/84
f 124/331/85 125/332/85 120/333/85
f 1/334/86 4/335/86 128/336/86 129/337/86
f 128/338/87 130/339/87 131/340/87 129/341/87
f 130/342/88 132/343/88 133/344/88 131/345/88
f 132/346/89 134/347/89 135/348/89 133/349/89
f 134/350/90 136/351/90 137/352/90 135/353/90
f 136/354/91 138/355/91 139/356/91 137/357/91
f 138/358/92 140/359/92 141/360/92 139/361/92
f 140/362/93 142/363/93 143/364/93 141/365/93
f 144/366/94 145/367/94 143/368/94 142/369/94
f 21/370/95 146/371/95 128/372/95 4/373/95
f 147/374/96 130/375/96 128/376/96 146/377/96
f 148/378/97 132/379/97 130/380/97 147/381/97
f 149/382/98 134/383/98 132/384/98 148/385/98
f 150/386/99 136/387/99 134/388/99 149/389/99
f 151/390/100 138/391/100 136/392/100 150/393/100
f 152/394/101 140/395/101 138/396/101 151/397/101
f 153/398/102 142/399/102 140/400/102 152/401/102
f 154/402/103 144/403/103 142/404/103 153/405/103
f 155/406/104 34/407/104 33/408/104 156/409/104
f 157/410/105 155/411/105 156/412/105 158/413/105
f 159/414/106 157/415/106 158/416/106 160/417/106
f 161/418/107 159/419/107 160/420/107 162/421/107
f 163/422/108 161/423/108 162/424/108 164/425/108
f 165/426/109 163/427/109 164/428/109 166/429/109
f 167/430/110 165/431/110 166/432/110 168/433/110
f 169/434/111 167/435/111 168/436/111 170/437/111
f 171/438/112 172/439/112 169/440/112 170/441/112
f 156/442/113 33/443/113 52/444/113 173/445/113
f 173/446/114 52/447/114 174/448/114 175/449/114
f 175/450/115 174/451/115 176/452/115 177/453/115
f 177/454/116 176/455/116 178/456/116 179/457/116
f 177/458/117 179/459/117 180/460/117 181/461/117
f 175/462/118 182/463/118 173/464/118
f 175/465/119 177/466/119 181/467/119 182/468/119
f 156/469/120 173/470/120 183/471/120
f 158/472/121 156/473/121 183/474/121
f 173/475/122 182/476/122 184/477/122 183/478/122
f 184/479/123 185/480/123 158/481/123 183/482/123
f 158/483/124 185/484/124 160/485/124
f 186/486/125 162/487/125 160/488/125 185/489/125
f 187/490/126 164/491/126 162/492/126 186/493/126
f 188/494/127 166/495/127 164/496/127 187/497/127
f 189/498/128 168/499/128 166/500/128 188/501/128
f 190/502/129 170/503/129 168/504/129 189/505/129
f 191/506/130 171/507/130 170/508/130 190/509/130
f 192/510/131 193/511/131 194/512/131 195/513/131
f 193/514/132 76/515/132 75/516/132 194/517/132
f 196/518/133 80/519/133 79/520/133 197/521/133
f 198/522/134 196/523/134 197/524/134 199/525/134
f 197/526/135 79/527/135 84/528/135 200/529/135
f 199/530/136 197/531/136 200/532/136 201/533/136
f 200/534/137 84/535/137 76/536/137 193/537/137
f 201/538/138 200/539/138 193/540/138 192/541/138
f 180/542/139 179/543/139 202/544/139 203/545/139
f 179/546/140 178/547/140 204/548/140 202/549/140
f 203/550/141 202/551/141 205/552/141 206/553/141
f 202/554/142 204/555/142 91/556/142 205/557/142
f 206/558/143 205/559/143 207/560/143 208/561/143
f 205/562/144 91/563/144 94/564/144 207/565/144
f 208/566/145 207/567/145 196/568/145 198/569/145
f 207/570/146 94/571/146 80/572/146 196/573/146
f 194/574/147 75/575/147 96/576/147 209/577/147
f 195/578/148 194/579/148 209/580/148 210/581/148
f 211/582/149 101/583/149 100/584/149 212/585/149
f 213/586/150 211/587/150 212/588/150 214/589/150
f 212/590/151 100/591/151 105/592/151 215/593/151
f 214/594/152 212/595/152 215/596/152 216/597/152
f 215/598/153 105/599/153 108/600/153 217/601/153
f 216/602/154 215/603/154 217/604/154 218/605/154
f 217/606/155 108/607/155 111/608/155 219/609/155
f 218/610/156 217/611/156 219/612/156 220/613/156
f 219/614/157 111/615/157 114/616/157 221/617/157
f 219/618/158 221/619/158 220/620/158
f 172/621/159 171/622/159 222/623/159 223/624/159
f 171/625/160 191/626/160 224/627/160 222/628/160
f 144/629/161 154/630/161 223/631/161 225/632/161
f 145/633/162 144/634/162 225/635/162 226/636/162
f 222/637/163 224/638/163 227/639/163 228/640/163
f 226/641/164 225/642/164 229/643/164 230/644/164
f 223/645/165 222/646/165 228/647/165 231/648/165
f 225/649/166 223/650/166 231/651/166 229/652/166
f 229/653/167 231/654/167 232/655/167
f 228/656/168 227/657/168 233/658/168 232/659/168
f 230/660/169 229/661/169 232/662/169 234/663/169
f 231/664/170 228/665/170 232/666/170
f 235/667/171 236/668/171 237/669/171 238/670/171
f 237/671/172 239/672/172 240/673/172 238/674/172
f 239/675/173 241/676/173 242/677/173 240/678/173
f 241/679/174 243/680/174 244/681/174 242/682/174
f 243/683/175 245/684/175 246/685/175 244/686/175
f 245/687/176 247/688/176 248/689/176 246/690/176
f 247/691/177 249/692/177 250/693/177 248/694/177
f 249/695/178 251/696/178 252/697/178 250/698/178
f 253/699/179 254/700/179 252/701/179 251/702/179
f 255/703/180 256/704/180 237/705/180 236/706/180
f 257/707/181 239/708/181 237/709/181 256/710/181
f 258/711/182 241/712/182 239/713/182 257/714/182
f 259/715/183 243/716/183 241/717/183 258/718/183
f 260/719/184 245/720/184 243/721/184 259/722/184
f 261/723/185 247/724/185 245/725/185 260/726/185
f 262/727/186 249/728/186 247/729/186 261/730/186
f 263/731/187 251/732/187 249/733/187 262/734/187
f 264/735/188 253/736/188 251/737/188 263/738/188
f 265/739/189 266/740/189 267/741/189 268/742/189
f 269/743/190 265/744/190 268/745/190 270/746/190
f 271/747/191 269/748/191 270/749/191 272/750/191
f 273/751/192 271/752/192 272/753/192 274/754/192
f 275/755/193 273/756/193 274/757/193 276/758/193
f 277/759/194 275/760/194 276/761/194 278/762/194
f 279/763/195 277/764/195 278/765/195 280/766/195
f 281/767/196 279/768/196 280/769/196 282/770/196
f 283/771/197 284/772/197 281/773/197 282/774/197
f 268/775/198 267/776/198 285/777/198 286/778/198
f 286/779/199 285/780/199 287/781/199 288/782/199
f 288/783/200 287/784/200 289/785/200 290/786/200
f 290/787/201 289/788/201 291/789/201 292/790/201
f 290/791/202 292/792/202 293/793/202 294/794/202
f 288/795/203 295/796/203 286/797/203
f 288/798/204 290/799/204 294/800/204 295/801/204
f 268/802/205 286/803/205 296/804/205
f 270/805/206 268/806/206 296/807/206
f 286/808/207 295/809/207 297/810/207 296/811/207
f 297/812/208 298/813/208 270/814/208 296/815/208
f 270/816/209 298/817/209 272/818/209
f 299/819/210 274/820/210 272/821/210 298/822/210
f 300/823/211 276/824/211 274/825/211 299/826/211
f 301/827/212 278/828/212 276/829/212 300/830/212
f 302/831/213 280/832/213 278/833/213 301/834/213
f 303/835/214 282/836/214 280/837/214 302/838/214
f 304/839/215 283/840/215 282/841/215 303/842/215
f 305/843/216 306/844/216 307/845/216 308/846/216
f 306/847/217 309/848/217 310/849/217 307/850/217
f 311/851/218 312/852/218 313/853/218 314/854/218
f 315/855/219 311/856/219 314/857/219 316/858/219
f 314/859/220 313/860/220 317/861/220 318/862/220
f 316/863/221 314/864/221 318/865/221 319/866/221
f 318/867/222 317/868/222 309/869/222 306/870/222
f 319/871/223 318/872/223 306/873/223 305/874/223
f 293/875/224 292/876/224 320/877/224 321/878/224
f 292/879/225 291/880/225 322/881/225 320/882/225
f 321/883/226 320/884/226 323/885/226 324/886/226
f 320/887/227 322/888/227 325/889/227 323/890/227
f 324/891/228 323/892/228 326/893/228 327/894/228
f 323/895/229 325/896/229 328/897/229 326/898/229
f 327/899/230 326/900/230 311/901/230 315/902/230
f 326/903/231 328/904/231 312/905/231 311/906/231
f 308/907/232 307/908/232 330/909/232 331/910/232
f 332/911/233 333/912/233 334/913/233 335/914/233
f 336/915/234 332/916/234 335/917/234 337/918/234
f 335/919/235 334/920/235 338/921/235 339/922/235
f 337/923/236 335/924/236 339/925/236 340/926/236
f 339/927/237 338/928/237 341/929/237 342/930/237
f 340/931/238 339/932/238 342/933/238 343/934/238
f 342/935/239 341/936/239 344/937/239 345/938/239
f 343/939/240 342/940/240 345/941/240 346/942/240
f 345/943/241 344/944/241 347/945/241 348/946/241
f 345/947/242 348/948/242 346/949/242
f 284/950/243 283/951/243 349/952/243 350/953/243
f 283/954/244 304/955/244 117/956/244 349/957/244
f 253/958/245 264/959/245 350/960/245 351/961/245
f 254/962/246 253/963/246 351/964/246 119/965/246
f 349/966/247 117/967/247 121/968/247 352/969/247
f 119/970/248 351/971/248 353/972/248 122/973/248
f 350/974/249 349/975/249 352/976/249 354/977/249
f 351/978/250 350/979/250 354/980/250 353/981/250
f 353/982/251 354/983/251 355/984/251
f 352/985/252 121/986/252 126/987/252 355/988/252
f 122/989/253 353/990/253 355/991/253 127/992/253
f 354/993/254 352/994/254 355/995/254
f 235/996/255 356/997/255 357/998/255 236/999/255
f 357/1000/256 356/1001/256 358/1002/256 359/1003/256
f 359/1004/257 358/1005/257 360/1006/257 361/1007/257
f 361/1008/258 360/1009/258 362/1010/258 363/1011/258
f 363/1012/259 362/1013/259 364/1014/259 365/1015/259
f 365/1016/260 364/1017/260 366/1018/260 367/1019/260
f 367/1020/261 366/1021/261 368/1022/261 369/1023/261
f 369/1024/262 368/1025/262 370/1026/262 371/1027/262
f 372/1028/263 371/1029/263 370/1030/263 373/1031/263
f 255/1032/264 236/1033/264 357/1034/264 374/1035/264
f 375/1036/265 374/1037/265 357/1038/265 359/1039/265
f 376/1040/266 375/1041/266 359/1042/266 361/1043/266
f 377/1044/267 376/1045/267 361/1046/267 363/1047/267
f 378/1048/268 377/1049/268 363/1050/268 365/1051/268
f 379/1052/269 378/1053/269 365/1054/269 367/1055/269
f 380/1056/270 379/1057/270 367/1058/270 369/1059/270
f 381/1060/271 380/1061/271 369/1062/271 371/1063/271
f 382/1064/272 381/1065/272 371/1066/272 372/1067/272
f 383/1068/273 384/1069/273 267/1070/273 266/1071/273
f 385/1072/274 386/1073/274 384/1074/274 383/1075/274
f 387/1076/275 388/1077/275 386/1078/275 385/1079/275
f 389/1080/276 390/1081/276 388/1082/276 387/1083/276
f 391/1084/277 392/1085/277 390/1086/277 389/1087/277
f 393/1088/278 394/1089/278 392/1090/278 391/1091/278
f 395/1092/279 396/1093/279 394/1094/279 393/1095/279
f 397/1096/280 398/1097/280 396/1098/280 395/1099/280
f 399/1100/281 398/1101/281 397/1102/281 400/1103/281
f 384/1104/282 401/1105/282 285/1106/282 267/1107/282
f 401/1108/283 402/1109/283 403/1110/283 285/1111/283
f 402/1112/284 404/1113/284 405/1114/284 403/1115/284
f 404/1116/285 406/1117/285 407/1118/285 405/1119/285
f 404/1120/286 408/1121/286 409/1122/286 406/1123/286
f 402/1124/287 401/1125/287 410/1126/287
f 402/1127/288 410/1128/288 408/1129/288 404/1130/288
f 384/1131/289 411/1132/289 401/1133/289
f 386/1134/290 411/1135/290 384/1136/290
f 401/1137/291 411/1138/291 412/1139/291 410/1140/291
f 412/1141/292 411/1142/292 386/1143/292 413/1144/292
f 386/1145/293 388/1146/293 413/1147/293
f 414/1148/294 413/1149/294 388/1150/294 390/1151/294
f 415/1152/295 414/1153/295 390/1154/295 392/1155/295
f 416/1156/296 415/1157/296 392/1158/296 394/1159/296
f 417/1160/297 416/1161/297 394/1162/297 396/1163/297
f 418/1164/298 417/1165/298 396/1166/298 398/1167/298
f 419/1168/299 418/1169/299 398/1170/299 399/1171/299
f 420/1172/300 421/1173/300 422/1174/300 423/1175/300
f 423/1176/301 422/1177/301 310/1178/301 309/1179/301
f 424/1180/302 425/1181/302 313/1182/302 312/1183/302
f 426/1184/303 427/1185/303 425/1186/303 424/1187/303
f 425/1188/304 428/1189/304 317/1190/304 313/1191/304
f 427/1192/305 429/1193/305 428/1194/305 425/1195/305
f 428/1196/306 423/1197/306 309/1198/306 317/1199/306
f 429/1200/307 420/1201/307 423/1202/307 428/1203/307
f 409/1204/308 430/1205/308 431/1206/308 406/1207/308
f 406/1208/309 431/1209/309 432/1210/309 407/1211/309
f 430/1212/310 433/1213/310 434/1214/310 431/1215/310
f 431/1216/311 434/1217/311 325/1218/311 432/1219/311
f 433/1220/312 435/1221/312 436/1222/312 434/1223/312
f 434/1224/313 436/1225/313 328/1226/313 325/1227/313
f 435/1228/314 426/1229/314 424/1230/314 436/1231/314
f 436/1232/315 424/1233/315 312/1234/315 328/1235/315
f 422/1236/316 437/1237/316 329/1238/316 310/1239/316
f 421/1240/317 438/1241/317 437/1242/317 422/1243/317
f 439/1244/318 440/1245/318 334/1246/318 333/1247/318
f 441/1248/319 442/1249/319 440/1250/319 439/1251/319
f 440/1252/320 443/1253/320 338/1254/320 334/1255/320
f 442/1256/321 444/1257/321 443/1258/321 440/1259/321
f 443/1260/322 445/1261/322 341/1262/322 338/1263/322
f 444/1264/323 446/1265/323 445/1266/323 443/1267/323
f 445/1268/324 447/1269/324 344/1270/324 341/1271/324
f 446/1272/325 448/1273/325 447/1274/325 445/1275/325
f 447/1276/326 449/1277/326 347/1278/326 344/1279/326
f 447/1280/327 448/1281/327 449/1282/327
f 400/1283/328 450/1284/328 451/1285/328 399/1286/328
f 399/1287/329 451/1288/329 224/1289/329 419/1290/329
f 372/1291/330 452/1292/330 450/1293/330 382/1294/330
f 373/1295/331 226/1296/331 452/1297/331 372/1298/331
f 451/1299/332 453/1300/332 227/1301/332 224/1302/332
f 226/1303/333 230/1304/333 454/1305/333 452/1306/333
f 450/1307/334 455/1308/334 453/1309/334 451/1310/334
f 452/1311/335 454/1312/335 455/1313/335 450/1314/335
f 454/1315/336 456/1316/336 455/1317/336
f 453/1318/337 456/1319/337 233/1320/337 227/1321/337
f 230/1322/338 234/1323/338 456/1324/338 454/1325/338
f 455/1326/339 456/1327/339 453/1328/339
f 457/1329/340 458/1330/340 459/1331/340 460/1332/340
f 460/1333/341 459/1334/341 461/1335/341 462/1336/341
f 462/1337/342 461/1338/342 463/1339/342 464/1340/342
f 464/1341/343 463/1342/343 465/1343/343 466/1344/343
f 466/1345/344 465/1346/344 467/1347/344 468/1348/344
f 468/1349/345 467/1350/345 469/1351/345 470/1352/345
f 470/1353/346 469/1354/346 471/1355/346 472/1356/346
f 472/1357/347 471/1358/347 473/1359/347 474/1360/347
f 474/1361/348 473/1362/348 475/1363/348 476/1364/348
f 476/1365/349 475/1366/349 477/1367/349 478/1368/349
f 478/1369/350 477/1370/350 479/1371/350 480/1372/350
f 480/1373/351 479/1374/351 481/1375/351 482/1376/351
f 482/1377/352 481/1378/352 483/1379/352 484/1380/352
f 484/1381/353 483/1382/353 485/1383/353 486/1384/353
f 486/1385/354 485/1386/354 487/1387/354 488/1388/354
f 488/1389/355 487/1390/355 489/1391/355 490/1392/355
f 490/1393/356 489/1394/356 491/1395/356 492/1396/356
f 492/1397/357 491/1398/357 493/1399/357 494/1400/357
f 494/1401/358 493/1402/358 495/1403/358 496/1404/358
f 496/1405/359 495/1406/359 497/1407/359 498/1408/359
f 498/1409/360 497/1410/360 499/1411/360 500/1412/360
f 500/1413/361 499/1414/361 501/1415/361 502/1416/361
f 502/1417/362 501/1418/362 503/1419/362 504/1420/362
f 504/1421/363 503/1422/363 505/1423/363 506/1424/363
f 506/1425/364 505/1426/364 507/1427/364 508/1428/364
f 508/1429/365 507/1430/365 509/1431/365 510/1432/365
f 510/1433/366 509/1434/366 511/1435/366 512/1436/366
f 512/1437/367 511/1438/367 513/1439/367 514/1440/367
f 514/1441/368 513/1442/368 515/1443/368 516/1444/368
f 516/1445/369 515/1446/369 517/1447/369 518/1448/369
f 519/1449/370 520/1450/370 521/1451/370 522/1452/370
f 518/1453/371 517/1454/371 523/1455/371 524/1456/371
f 524/1457/372 523/1458/372 458/1459/372 457/1460/372
f 482/1461/373 525/1462/373 526/1463/373 480/1464/373
f 486/1465/374 527/1466/374 528/1467/374 484/1468/374
f 462/1469/375 529/1470/375 530/1471/375 460/1472/375
f 502/1473/376 531/1474/376 532/1475/376 500/1476/376
f 468/1477/377 533/1478/377 534/1479/377 466/1480/377
f 488/1481/378 535/1482/378 527/1483/378 486/1484/378
f 524/1485/379 536/1486/379 537/1487/379 518/1488/379
f 490/1489/380 538/1490/380 535/1491/380 488/1492/380
f 506/1493/381 539/1494/381 540/1495/381 504/1496/381
f 462/1497/382 464/1498/382 541/1499/382 529/1500/382
f 466/1501/383 534/1502/383 541/1503/383 464/1504/383
f 504/1505/384 540/1506/384 531/1507/384 502/1508/384
f 457/1509/385 542/1510/385 536/1511/385 524/1512/385
f 492/1513/386 543/1514/386 538/1515/386 490/1516/386
f 478/1517/387 544/1518/387 545/1519/387 476/1520/387
f 494/1521/388 546/1522/388 543/1523/388 492/1524/388
f 496/1525/389 547/1526/389 546/1527/389 494/1528/389
f 470/1529/390 548/1530/390 533/1531/390 468/1532/390
f 474/1533/391 549/1534/391 550/1535/391 472/1536/391
f 500/1537/392 532/1538/392 551/1539/392 498/1540/392
f 510/1541/393 552/1542/393 553/1543/393 508/1544/393
f 498/1545/394 551/1546/394 547/1547/394 496/1548/394
f 480/1549/395 526/1550/395 544/1551/395 478/1552/395
f 460/1553/396 530/1554/396 542/1555/396 457/1556/396
f 476/1557/397 545/1558/397 549/1559/397 474/1560/397
f 516/1561/398 554/1562/398 555/1563/398 514/1564/398
f 508/1565/399 553/1566/399 539/1567/399 506/1568/399
f 512/1569/400 556/1570/400 552/1571/400 510/1572/400
f 518/1573/401 537/1574/401 554/1575/401 516/1576/401
f 484/1577/402 528/1578/402 525/1579/402 482/1580/402
f 472/1581/403 550/1582/403 548/1583/403 470/1584/403
f 557/1585/404 558/1586/404 559/1587/404 560/1588/404
f 561/1589/405 562/1590/405 563/1591/405 564/1592/405
f 565/1593/406 566/1594/406 567/1595/406 568/1596/406
f 569/1597/407 570/1598/407 571/1599/407 572/1600/407
f 573/1601/408 569/1602/408 572/1603/408 574/1604/408
f 575/1605/409 576/1606/409 577/1607/409 578/1608/409
f 570/1609/410 579/1610/410 580/1611/410 571/1612/410
f 581/1613/411 582/1614/411 583/1615/411 584/1616/411
f 585/1617/412 586/1618/412 587/1619/412 588/1620/412
f 576/1621/413 561/1622/413 564/1623/413 577/1624/413
f 589/1625/414 590/1626/414 591/1627/414 592/1628/414
f 593/1629/415 594/1630/415 595/1631/415 596/1632/415
f 562/1633/416 597/1634/416 598/1635/416 563/1636/416
f 599/1637/417 600/1638/417 601/1639/417 602/1640/417
f 566/1641/418 603/1642/418 604/1643/418 567/1644/418
f 605/1645/419 606/1646/419 607/1647/419 608/1648/419
f 586/1649/420 565/1650/420 568/1651/420 587/1652/420
f 606/1653/421 585/1654/421 588/1655/421 607/1656/421
f 609/1657/422 610/1658/422 611/1659/422 612/1660/422
f 610/1661/423 605/1662/423 608/1663/423 611/1664/423
f 582/1665/424 575/1666/424 578/1667/424 583/1668/424
f 613/1669/425 609/1670/425 612/1671/425 614/1672/425
f 615/1673/426 613/1674/426 614/1675/426 616/1676/426
f 617/1677/427 615/1678/427 616/1679/427 618/1680/427
f 594/1681/428 581/1682/428 584/1683/428 595/1684/428
f 558/1685/429 619/1686/429 620/1687/429 559/1688/429
f 619/1689/430 617/1690/430 618/1691/430 620/1692/430
f 590/1693/431 557/1694/431 560/1695/431 591/1696/431
f 600/1697/432 573/1698/432 574/1699/432 601/1700/432
f 603/1701/433 593/1702/433 596/1703/433 604/1704/433
f 579/1705/434 589/1706/434 592/1707/434 580/1708/434
f 597/1709/435 599/1710/435 602/1711/435 598/1712/435
f 587/1713/436 568/1714/436 621/1715/436 622/1716/436
f 604/1717/437 596/1718/437 623/1719/437 624/1720/437
f 607/1721/438 588/1722/438 625/1723/438 626/1724/438
f 568/1725/439 567/1726/439 627/1727/439 621/1728/439
f 611/1729/440 608/1730/440 628/1731/440 629/1732/440
f 588/1733/441 587/1734/441 622/1735/441 625/1736/441
f 614/1737/442 612/1738/442 630/1739/442 631/1740/442
f 608/1741/443 607/1742/443 626/1743/443 628/1744/443
f 618/1745/444 616/1746/444 632/1747/444 633/1748/444
f 612/1749/445 611/1750/445 629/1751/445 630/1752/445
f 559/1753/446 620/1754/446 634/1755/446 635/1756/446
f 616/1757/447 614/1758/447 631/1759/447 632/1760/447
f 591/1761/448 560/1762/448 636/1763/448 637/1764/448
f 601/1765/449 574/1766/449 638/1767/449 639/1768/449
f 620/1769/450 618/1770/450 633/1771/450 634/1772/450
f 580/1773/451 592/1774/451 640/1775/451 641/1776/451
f 598/1777/452 602/1778/452 642/1779/452 643/1780/452
f 560/1781/453 559/1782/453 635/1783/453 636/1784/453
f 572/1785/454 571/1786/454 644/1787/454 645/1788/454
f 564/1789/455 563/1790/455 646/1791/455 647/1792/455
f 574/1793/456 572/1794/456 645/1795/456 638/1796/456
f 571/1797/457 580/1798/457 641/1799/457 644/1800/457
f 578/1801/458 577/1802/458 648/1803/458 649/1804/458
f 592/1805/459 591/1806/459 637/1807/459 640/1808/459
f 577/1809/460 564/1810/460 647/1811/460 648/1812/460
f 584/1813/461 583/1814/461 650/1815/461 651/1816/461
f 602/1817/462 601/1818/462 639/1819/462 642/1820/462
f 563/1821/463 598/1822/463 643/1823/463 646/1824/463
f 596/1825/464 595/1826/464 652/1827/464 623/1828/464
f 583/1829/465 578/1830/465 649/1831/465 650/1832/465
f 567/1833/466 604/1834/466 624/1835/466 627/1836/466
f 595/1837/467 584/1838/467 651/1839/467 652/1840/467
f 653/1841/468 654/1842/468 655/1843/468 656/1844/468
f 657/1845/469 658/1846/469 659/1847/469 660/1848/469
f 661/1849/470 662/1850/470 663/1851/470 664/1852/470
f 665/1853/471 666/1854/471 667/1855/471 668/1856/471
f 669/1857/472 670/1858/472 671/1859/472 672/1860/472
f 673/1861/473 674/1862/473 675/1863/473 676/1864/473
f 677/1865/474 673/1866/474 676/1867/474 678/1868/474
f 679/1869/475 680/1870/475 681/1871/475 682/1872/475
f 674/1873/476 683/1874/476 684/1875/476 675/1876/476
f 683/1877/477 685/1878/477 686/1879/477 684/1880/477
f 685/1881/478 687/1882/478 688/1883/478 686/1884/478
f 689/1885/479 690/1886/479 691/1887/479 692/1888/479
f 693/1889/480 694/1890/480 695/1891/480 696/1892/480
f 687/1893/481 693/1894/481 696/1895/481 688/1896/481
f 697/1897/482 698/1898/482 699/1899/482 700/1900/482
f 701/1901/483 702/1902/483 703/1903/483 704/1904/483
f 694/1905/484 697/1906/484 700/1907/484 695/1908/484
f 705/1909/485 661/1910/485 664/1911/485 706/1912/485
f 654/1913/486 665/1914/486 668/1915/486 655/1916/486
f 707/1917/487 653/1918/487 656/1919/487 708/1920/487
f 662/1921/488 679/1922/488 682/1923/488 663/1924/488
f 658/1925/489 669/1926/489 672/1927/489 659/1928/489
f 709/1929/490 710/1930/490 711/1931/490 712/1932/490
f 698/1933/491 701/1934/491 704/1935/491 699/1936/491
f 680/1937/492 689/1938/492 692/1939/492 681/1940/492
f 713/1941/493 657/1942/493 660/1943/493 714/1944/493
f 690/1945/494 709/1946/494 712/1947/494 691/1948/494
f 666/1949/495 715/1950/495 716/1951/495 667/1952/495
f 715/1953/496 713/1954/496 714/1955/496 716/1956/496
f 702/1957/497 705/1958/497 706/1959/497 703/1960/497
f 710/1961/498 707/1962/498 708/1963/498 711/1964/498
f 670/1965/499 677/1966/499 678/1967/499 671/1968/499
f 717/1969/500 718/1970/500 599/1971/500 597/1972/500
f 719/1973/501 720/1974/501 589/1975/501 579/1976/501
f 721/1977/502 722/1978/502 593/1979/502 603/1980/502
f 723/1981/503 724/1982/503 573/1983/503 600/1984/503
f 725/1985/504 726/1986/504 557/1987/504 590/1988/504
f 727/1989/505 728/1990/505 617/1991/505 619/1992/505
f 729/1993/506 727/1994/506 619/1995/506 558/1996/506
f 730/1997/507 731/1998/507 581/1999/507 594/2000/507
f 728/2001/508 732/2002/508 615/2003/508 617/2004/508
f 732/2005/509 733/2006/509 613/2007/509 615/2008/509
f 733/2009/510 734/2010/510 609/2011/510 613/2012/510
f 735/2013/511 736/2014/511 575/2015/511 582/2016/511
f 737/2017/512 738/2018/512 605/2019/512 610/2020/512
f 734/2021/513 737/2022/513 610/2023/513 609/2024/513
f 739/2025/514 740/2026/514 585/2027/514 606/2028/514
f 741/2029/515 742/2030/515 565/2031/515 586/2032/515
f 738/2033/516 739/2034/516 606/2035/516 605/2036/516
f 743/2037/517 721/2038/517 603/2039/517 566/2040/517
f 718/2041/518 723/2042/518 600/2043/518 599/2044/518
f 744/2045/519 717/2046/519 597/2047/519 562/2048/519
f 722/2049/520 730/2050/520 594/2051/520 593/2052/520
f 720/2053/521 725/2054/521 590/2055/521 589/2056/521
f 745/2057/522 746/2058/522 561/2059/522 576/2060/522
f 740/2061/523 741/2062/523 586/2063/523 585/2064/523
f 731/2065/524 735/2066/524 582/2067/524 581/2068/524
f 747/2069/525 719/2070/525 579/2071/525 570/2072/525
f 736/2073/526 745/2074/526 576/2075/526 575/2076/526
f 724/2077/527 748/2078/527 569/2079/527 573/2080/527
f 748/2081/528 747/2082/528 570/2083/528 569/2084/528
f 742/2085/529 743/2086/529 566/2087/529 565/2088/529
f 746/2089/530 744/2090/530 562/2091/530 561/2092/530
f 726/2093/531 729/2094/531 558/2095/531 557/2096/531
f 652/2097/532 651/2098/532 749/2099/532 750/2100/532
f 622/2101/533 621/2102/533 751/2103/533 752/2104/533
f 624/2105/534 623/2106/534 753/2107/534 754/2108/534
f 626/2109/535 625/2110/535 755/2111/535 756/2112/535
f 621/2113/536 627/2114/536 757/2115/536 751/2116/536
f 629/2117/537 628/2118/537 758/2119/537 759/2120/537
f 625/2121/538 622/2122/538 752/2123/538 755/2124/538
f 631/2125/539 630/2126/539 760/2127/539 761/2128/539
f 628/2129/540 626/2130/540 756/2131/540 758/2132/540
f 633/2133/541 632/2134/541 762/2135/541 763/2136/541
f 630/2137/542 629/2138/542 759/2139/542 760/2140/542
f 635/2141/543 634/2142/543 764/2143/543 765/2144/543
f 632/2145/544 631/2146/544 761/2147/544 762/2148/544
f 637/2149/545 636/2150/545 766/2151/545 767/2152/545
f 639/2153/546 638/2154/546 768/2155/546 769/2156/546
f 634/2157/547 633/2158/547 763/2159/547 764/2160/547
f 641/2161/548 640/2162/548 770/2163/548 771/2164/548
f 643/2165/549 642/2166/549 772/2167/549 773/2168/549
f 636/2169/550 635/2170/550 765/2171/550 766/2172/550
f 645/2173/551 644/2174/551 774/2175/551 775/2176/551
f 647/2177/552 646/2178/552 776/2179/552 777/2180/552
f 638/2181/553 645/2182/553 775/2183/553 768/2184/553
f 644/2185/554 641/2186/554 771/2187/554 774/2188/554
f 649/2189/555 648/2190/555 778/2191/555 779/2192/555
f 640/2193/556 637/2194/556 767/2195/556 770/2196/556
f 648/2197/557 647/2198/557 777/2199/557 778/2200/557
f 651/2201/558 650/2202/558 780/2203/558 749/2204/558
f 642/2205/559 639/2206/559 769/2207/559 772/2208/559
f 646/2209/560 643/2210/560 773/2211/560 776/2212/560
f 623/2213/561 652/2214/561 750/2215/561 753/2216/561
f 650/2217/562 649/2218/562 779/2219/562 780/2220/562
f 627/2221/563 624/2222/563 754/2223/563 757/2224/563
f 781/2225/564 782/2226/564 783/2227/564 784/2228/564
f 785/2229/565 786/2230/565 787/2231/565 788/2232/565
f 789/2233/566 790/2234/566 791/2235/566 792/2236/566
f 793/2237/567 794/2238/567 795/2239/567 796/2240/567
f 790/2241/568 797/2242/568 798/2243/568 791/2244/568
f 799/2245/569 800/2246/569 801/2247/569 802/2248/569
f 803/2249/570 804/2250/570 805/2251/570 806/2252/570
f 807/2253/571 808/2254/571 809/2255/571 810/2256/571
f 811/2257/572 812/2258/572 813/2259/572 814/2260/572
f 800/2261/573 789/2262/573 792/2263/573 801/2264/573
f 815/2265/574 816/2266/574 817/2267/574 818/2268/574
f 812/2269/575 799/2270/575 802/2271/575 813/2272/575
f 819/2273/576 820/2274/576 821/2275/576 822/2276/576
f 816/2277/577 811/2278/577 814/2279/577 817/2280/577
f 823/2281/578 824/2282/578 825/2283/578 826/2284/578
f 820/2285/579 815/2286/579 818/2287/579 821/2288/579
f 827/2289/580 828/2290/580 829/2291/580 830/2292/580
f 824/2293/581 819/2294/581 822/2295/581 825/2296/581
f 831/2297/582 832/2298/582 833/2299/582 834/2300/582
f 828/2301/583 823/2302/583 826/2303/583 829/2304/583
f 835/2305/584 836/2306/584 837/2307/584 838/2308/584
f 832/2309/585 827/2310/585 830/2311/585 833/2312/585
f 839/2313/586 840/2314/586 841/2315/586 842/2316/586
f 836/2317/587 831/2318/587 834/2319/587 837/2320/587
f 794/2321/588 843/2322/588 844/2323/588 795/2324/588
f 804/2325/589 781/2326/589 784/2327/589 805/2328/589
f 840/2329/590 835/2330/590 838/2331/590 841/2332/590
f 786/2333/591 793/2334/591 796/2335/591 787/2336/591
f 808/2337/592 803/2338/592 806/2339/592 809/2340/592
f 843/2341/593 839/2342/593 842/2343/593 844/2344/593
f 782/2345/594 785/2346/594 788/2347/594 783/2348/594
f 797/2349/595 807/2350/595 810/2351/595 798/2352/595
f 801/2353/596 792/2354/596 845/2355/596 846/2356/596
f 818/2357/597 817/2358/597 847/2359/597 848/2360/597
f 813/2361/598 802/2362/598 849/2363/598 850/2364/598
f 822/2365/599 821/2366/599 851/2367/599 852/2368/599
f 817/2369/600 814/2370/600 853/2371/600 847/2372/600
f 826/2373/601 825/2374/601 854/2375/601 855/2376/601
f 821/2377/602 818/2378/602 848/2379/602 851/2380/602
f 830/2381/603 829/2382/603 856/2383/603 857/2384/603
f 825/2385/604 822/2386/604 852/2387/604 854/2388/604
f 834/2389/605 833/2390/605 858/2391/605 859/2392/605
f 829/2393/606 826/2394/606 855/2395/606 856/2396/606
f 838/2397/607 837/2398/607 860/2399/607 861/2400/607
f 833/2401/608 830/2402/608 857/2403/608 858/2404/608
f 842/2405/609 841/2406/609 862/2407/609 863/2408/609
f 837/2409/610 834/2410/610 859/2411/610 860/2412/610
f 795/2413/611 844/2414/611 864/2415/611 865/2416/611
f 805/2417/612 784/2418/612 866/2419/612 867/2420/612
f 841/2421/613 838/2422/613 861/2423/613 862/2424/613
f 787/2425/614 796/2426/614 868/2427/614 869/2428/614
f 809/2429/615 806/2430/615 870/2431/615 871/2432/615
f 844/2433/616 842/2434/616 863/2435/616 864/2436/616
f 783/2437/617 788/2438/617 872/2439/617 873/2440/617
f 798/2441/618 810/2442/618 874/2443/618 875/2444/618
f 784/2445/619 783/2446/619 873/2447/619 866/2448/619
f 788/2449/620 787/2450/620 869/2451/620 872/2452/620
f 792/2453/621 791/2454/621 876/2455/621 845/2456/621
f 796/2457/622 795/2458/622 865/2459/622 868/2460/622
f 791/2461/623 798/2462/623 875/2463/623 876/2464/623
f 802/2465/624 801/2466/624 846/2467/624 849/2468/624
f 806/2469/625 805/2470/625 867/2471/625 870/2472/625
f 810/2473/626 809/2474/626 871/2475/626 874/2476/626
f 814/2477/627 813/2478/627 850/2479/627 853/2480/627
f 851/2481/628 848/2482/628 877/2483/628 878/2484/628
f 857/2485/629 856/2486/629 879/2487/629 880/2488/629
f 854/2489/630 852/2490/630 881/2491/630 882/2492/630
f 859/2493/631 858/2494/631 883/2495/631 884/2496/631
f 856/2497/632 855/2498/632 885/2499/632 879/2500/632
f 861/2501/633 860/2502/633 886/2503/633 887/2504/633
f 858/2505/634 857/2506/634 880/2507/634 883/2508/634
f 863/2509/635 862/2510/635 888/2511/635 889/2512/635
f 860/2513/636 859/2514/636 884/2515/636 886/2516/636
f 865/2517/637 864/2518/637 890/2519/637 891/2520/637
f 867/2521/638 866/2522/638 892/2523/638 893/2524/638
f 862/2525/639 861/2526/639 887/2527/639 888/2528/639
f 869/2529/640 868/2530/640 894/2531/640 895/2532/640
f 871/2533/641 870/2534/641 896/2535/641 897/2536/641
f 864/2537/642 863/2538/642 889/2539/642 890/2540/642
f 873/2541/643 872/2542/643 898/2543/643 899/2544/643
f 875/2545/644 874/2546/644 900/2547/644 901/2548/644
f 866/2549/645 873/2550/645 899/2551/645 892/2552/645
f 872/2553/646 869/2554/646 895/2555/646 898/2556/646
f 845/2557/647 876/2558/647 902/2559/647 903/2560/647
f 868/2561/648 865/2562/648 891/2563/648 894/2564/648
f 876/2565/649 875/2566/649 901/2567/649 902/2568/649
f 849/2569/650 846/2570/650 904/2571/650 905/2572/650
f 870/2573/651 867/2574/651 893/2575/651 896/2576/651
f 874/2577/652 871/2578/652 897/2579/652 900/2580/652
f 853/2581/653 850/2582/653 906/2583/653 907/2584/653
f 846/2585/654 845/2586/654 903/2587/654 904/2588/654
f 848/2589/655 847/2590/655 908/2591/655 877/2592/655
f 850/2593/656 849/2594/656 905/2595/656 906/2596/656
f 852/2597/657 851/2598/657 878/2599/657 881/2600/657
f 847/2601/658 853/2602/658 907/2603/658 908/2604/658
f 855/2605/659 854/2606/659 882/2607/659 885/2608/659
f 883/2609/660 880/2610/660 909/2611/660 910/2612/660
f 889/2613/661 888/2614/661 911/2615/661 912/2616/661
f 886/2617/662 884/2618/662 913/2619/662 914/2620/662
f 891/2621/663 890/2622/663 915/2623/663 916/2624/663
f 893/2625/664 892/2626/664 917/2627/664 918/2628/664
f 888/2629/665 887/2630/665 919/2631/665 911/2632/665
f 895/2633/666 894/2634/666 920/2635/666 921/2636/666
f 897/2637/667 896/2638/667 922/2639/667 923/2640/667
f 890/2641/668 889/2642/668 912/2643/668 915/2644/668
f 899/2645/669 898/2646/669 924/2647/669 925/2648/669
f 901/2649/670 900/2650/670 926/2651/670 927/2652/670
f 892/2653/671 899/2654/671 925/2655/671 917/2656/671
f 898/2657/672 895/2658/672 921/2659/672 924/2660/672
f 903/2661/673 902/2662/673 928/2663/673 929/2664/673
f 894/2665/674 891/2666/674 916/2667/674 920/2668/674
f 902/2669/675 901/2670/675 927/2671/675 928/2672/675
f 905/2673/676 904/2674/676 930/2675/676 931/2676/676
f 896/2677/677 893/2678/677 918/2679/677 922/2680/677
f 900/2681/678 897/2682/678 923/2683/678 926/2684/678
f 907/2685/679 906/2686/679 932/2687/679 933/2688/679
f 904/2689/680 903/2690/680 929/2691/680 930/2692/680
f 877/2693/681 908/2694/681 934/2695/681 935/2696/681
f 906/2697/682 905/2698/682 931/2699/682 932/2700/682
f 881/2701/683 878/2702/683 936/2703/683 937/2704/683
f 908/2705/684 907/2706/684 933/2707/684 934/2708/684
f 885/2709/685 882/2710/685 938/2711/685 939/2712/685
f 878/2713/686 877/2714/686 935/2715/686 936/2716/686
f 880/2717/687 879/2718/687 940/2719/687 909/2720/687
f 882/2721/688 881/2722/688 937/2723/688 938/2724/688
f 884/2725/689 883/2726/689 910/2727/689 913/2728/689
f 879/2729/690 885/2730/690 939/2731/690 940/2732/690
f 887/2733/691 886/2734/691 914/2735/691 919/2736/691
f 923/2737/692 922/2738/692 941/2739/692
f 915/2740/693 912/2741/693 941/2742/693
f 925/2743/694 924/2744/694 941/2745/694
f 927/2746/695 926/2747/695 941/2748/695
f 917/2749/696 925/2750/696 941/2751/696
f 924/2752/697 921/2753/697 941/2754/697
f 929/2755/698 928/2756/698 942/2757/698
f 920/2758/699 916/2759/699 941/2760/699
f 928/2761/700 927/2762/700 941/2763/700 942/2764/700
f 931/2765/701 930/2766/701 942/2767/701
f 922/2768/702 918/2769/702 941/2770/702
f 926/2771/703 923/2772/703 941/2773/703
f 933/2774/704 932/2775/704 942/2776/704
f 930/2777/705 929/2778/705 942/2779/705
f 935/2780/706 934/2781/706 942/2782/706
f 932/2783/707 931/2784/707 942/2785/707
f 937/2786/708 936/2787/708 943/2788/708
f 934/2789/709 933/2790/709 942/2791/709
f 939/2792/710 938/2793/710 943/2794/710 944/2795/710
f 936/2796/711 935/2797/711 942/2798/711 943/2799/711
f 909/2800/712 940/2801/712 944/2802/712
f 938/2803/713 937/2804/713 943/2805/713
f 913/2806/714 910/2807/714 944/2808/714
f 940/2809/715 939/2810/715 944/2811/715
f 919/2812/716 914/2813/716 944/2814/716
f 910/2815/717 909/2816/717 944/2817/717
f 912/2818/718 911/2819/718 944/2820/718 941/2821/718
f 914/2822/719 913/2823/719 944/2824/719
f 916/2825/720 915/2826/720 941/2827/720
f 918/2828/721 917/2829/721 941/2830/721
f 911/2831/722 919/2832/722 944/2833/722
f 921/2834/723 920/2835/723 941/2836/723
f 514/2837/724 555/2838/724 556/2839/724 512/2840/724
f 945/2841/725 946/2842/725 947/2843/725 948/2844/725
f 946/2845/726 949/2846/726 950/2847/726 947/2848/726
f 949/2849/727 951/2850/727 952/2851/727 950/2852/727
f 951/2853/728 953/2854/728 954/2855/728 952/2856/728
f 953/2857/729 955/2858/729 956/2859/729 954/2860/729
f 955/2861/730 957/2862/730 958/2863/730 956/2864/730
f 957/2865/731 959/2866/731 960/2867/731 958/2868/731
f 959/2869/732 961/2870/732 962/2871/732 960/2872/732
f 961/2873/733 963/2874/733 964/2875/733 962/2876/733
f 963/2877/734 965/2878/734 966/2879/734 964/2880/734
f 965/2881/735 967/2882/735 968/2883/735 966/2884/735
f 967/2885/736 969/2886/736 970/2887/736 968/2888/736
f 969/2889/737 971/2890/737 972/2891/737 970/2892/737
f 971/2893/738 973/2894/738 974/2895/738 972/2896/738
f 973/2897/739 975/2898/739 976/2899/739 974/2900/739
f 975/2901/740 977/2902/740 978/2903/740 976/2904/740
f 977/2905/741 979/2906/741 980/2907/741 978/2908/741
f 979/2909/742 981/2910/742 982/2911/742 980/2912/742
f 981/2913/743 983/2914/743 984/2915/743 982/2916/743
f 983/2917/744 985/2918/744 986/2919/744 984/2920/744
f 985/2921/745 987/2922/745 988/2923/745 986/2924/745
f 987/2925/746 989/2926/746 990/2927/746 988/2928/746
f 989/2929/747 991/2930/747 992/2931/747 990/2932/747
f 991/2933/748 993/2934/748 994/2935/748 992/2936/748
f 993/2937/749 995/2938/749 996/2939/749 994/2940/749
f 995/2941/750 997/2942/750 998/2943/750 996/2944/750
f 997/2945/751 999/2946/751 1000/2947/751 998/2948/751
f 999/2949/752 1001/2950/752 1002/2951/752 1000/2952/752
f 1001/2953/753 1003/2954/753 1004/2955/753 1002/2956/753
f 1003/2957/754 1005/2958/754 1006/2959/754 1004/2960/754
f 1007/2961/755 1008/2962/755 1009/2963/755 1010/2964/755
f 1005/2965/756 1011/2966/756 1012/2967/756 1006/2968/756
f 1011/2969/757 945/2970/757 948/2971/757 1012/2972/757
f 969/2973/758 967/2974/758 1013/2975/758 1014/2976/758
f 973/2977/759 971/2978/759 1015/2979/759 1016/2980/759
f 949/2981/760 946/2982/760 1017/2983/760 1018/2984/760
f 989/2985/761 987/2986/761 1019/2987/761 1020/2988/761
f 955/2989/762 953/2990/762 1021/2991/762 1022/2992/762
f 975/2993/763 973/2994/763 1016/2995/763 1023/2996/763
f 1011/2997/764 1005/2998/764 1024/2999/764 1025/3000/764
f 977/3001/765 975/3002/765 1023/3003/765 1026/3004/765
f 993/3005/766 991/3006/766 1027/3007/766 1028/3008/766
f 949/3009/767 1018/3010/767 1029/3011/767 951/3012/767
f 953/3013/768 951/3014/768 1029/3015/768 1021/3016/768
f 991/3017/769 989/3018/769 1020/3019/769 1027/3020/769
f 945/3021/770 1011/3022/770 1025/3023/770 1030/3024/770
f 979/3025/771 977/3026/771 1026/3027/771 1031/3028/771
f 965/3029/772 963/3030/772 1032/3031/772 1033/3032/772
f 981/3033/773 979/3034/773 1031/3035/773 1034/3036/773
f 983/3037/774 981/3038/774 1034/3039/774 1035/3040/774
f 957/3041/775 955/3042/775 1022/3043/775 1036/3044/775
f 961/3045/776 959/3046/776 1037/3047/776 1038/3048/776
f 987/3049/777 985/3050/777 1039/3051/777 1019/3052/777
f 997/3053/778 995/3054/778 1040/3055/778 1041/3056/778
f 985/3057/779 983/3058/779 1035/3059/779 1039/3060/779
f 967/3061/780 965/3062/780 1033/3063/780 1013/3064/780
f 946/3065/781 945/3066/781 1030/3067/781 1017/3068/781
f 963/3069/782 961/3070/782 1038/3071/782 1032/3072/782
f 1003/3073/783 1001/3074/783 1042/3075/783 1043/3076/783
f 995/3077/784 993/3078/784 1028/3079/784 1040/3080/784
f 999/3081/785 997/3082/785 1041/3083/785 1044/3084/785
f 1005/3085/786 1003/3086/786 1043/3087/786 1024/3088/786
f 971/3089/787 969/3090/787 1014/3091/787 1015/3092/787
f 959/3093/788 957/3094/788 1036/3095/788 1037/3096/788
f 1045/3097/789 1046/3098/789 1047/3099/789 1048/3100/789
f 1049/3101/790 1050/3102/790 1051/3103/790 1052/3104/790
f 1053/3105/791 1054/3106/791 1055/3107/791 1056/3108/791
f 1057/3109/792 1058/3110/792 1059/3111/792 1060/3112/792
f 1061/3113/793 1062/3114/793 1058/3115/793 1057/3116/793
f 1063/3117/794 1064/3118/794 1065/3119/794 1066/3120/794
f 1060/3121/795 1059/3122/795 1067/3123/795 1068/3124/795
f 1069/3125/796 1070/3126/796 1071/3127/796 1072/3128/796
f 1073/3129/797 1074/3130/797 1075/3131/797 1076/3132/797
f 1066/3133/798 1065/3134/798 1050/3135/798 1049/3136/798
f 1077/3137/799 1078/3138/799 1079/3139/799 1080/3140/799
f 1081/3141/800 1082/3142/800 1083/3143/800 1084/3144/800
f 1052/3145/801 1051/3146/801 1085/3147/801 1086/3148/801
f 1087/3149/802 1088/3150/802 1089/3151/802 1090/3152/802
f 1056/3153/803 1055/3154/803 1091/3155/803 1092/3156/803
f 1093/3157/804 1094/3158/804 1095/3159/804 1096/3160/804
f 1076/3161/805 1075/3162/805 1054/3163/805 1053/3164/805
f 1096/3165/806 1095/3166/806 1074/3167/806 1073/3168/806
f 1097/3169/807 1098/3170/807 1099/3171/807 1100/3172/807
f 1100/3173/808 1099/3174/808 1094/3175/808 1093/3176/808
f 1072/3177/809 1071/3178/809 1064/3179/809 1063/3180/809
f 1101/3181/810 1102/3182/810 1098/3183/810 1097/3184/810
f 1103/3185/811 1104/3186/811 1102/3187/811 1101/3188/811
f 1105/3189/812 1106/3190/812 1104/3191/812 1103/3192/812
f 1084/3193/813 1083/3194/813 1070/3195/813 1069/3196/813
f 1048/3197/814 1047/3198/814 1107/3199/814 1108/3200/814
f 1108/3201/815 1107/3202/815 1106/3203/815 1105/3204/815
f 1080/3205/816 1079/3206/816 1046/3207/816 1045/3208/816
f 1090/3209/817 1089/3210/817 1062/3211/817 1061/3212/817
f 1092/3213/818 1091/3214/818 1082/3215/818 1081/3216/818
f 1068/3217/819 1067/3218/819 1078/3219/819 1077/3220/819
f 1086/3221/820 1085/3222/820 1088/3223/820 1087/3224/820
f 1075/3225/821 1109/3226/821 1110/3227/821 1054/3228/821
f 1091/3229/822 1111/3230/822 1112/3231/822 1082/3232/822
f 1095/3233/823 1113/3234/823 1114/3235/823 1074/3236/823
f 1054/3237/824 1110/3238/824 1115/3239/824 1055/3240/824
f 1099/3241/825 1116/3242/825 1117/3243/825 1094/3244/825
f 1074/3245/826 1114/3246/826 1109/3247/826 1075/3248/826
f 1102/3249/827 1118/3250/827 1119/3251/827 1098/3252/827
f 1094/3253/828 1117/3254/828 1113/3255/828 1095/3256/828
f 1106/3257/829 1120/3258/829 1121/3259/829 1104/3260/829
f 1098/3261/830 1119/3262/830 1116/3263/830 1099/3264/830
f 1047/3265/831 1122/3266/831 1123/3267/831 1107/3268/831
f 1104/3269/832 1121/3270/832 1118/3271/832 1102/3272/832
f 1079/3273/833 1124/3274/833 1125/3275/833 1046/3276/833
f 1089/3277/834 1126/3278/834 1127/3279/834 1062/3280/834
f 1107/3281/835 1123/3282/835 1120/3283/835 1106/3284/835
f 1067/3285/836 1128/3286/836 1129/3287/836 1078/3288/836
f 1085/3289/837 1130/3290/837 1131/3291/837 1088/3292/837
f 1046/3293/838 1125/3294/838 1122/3295/838 1047/3296/838
f 1058/3297/839 1132/3298/839 1133/3299/839 1059/3300/839
f 1050/3301/840 1134/3302/840 1135/3303/840 1051/3304/840
f 1062/3305/841 1127/3306/841 1132/3307/841 1058/3308/841
f 1059/3309/842 1133/3310/842 1128/3311/842 1067/3312/842
f 1064/3313/843 1136/3314/843 1137/3315/843 1065/3316/843
f 1078/3317/844 1129/3318/844 1124/3319/844 1079/3320/844
f 1065/3321/845 1137/3322/845 1134/3323/845 1050/3324/845
f 1070/3325/846 1138/3326/846 1139/3327/846 1071/3328/846
f 1088/3329/847 1131/3330/847 1126/3331/847 1089/3332/847
f 1051/3333/848 1135/3334/848 1130/3335/848 1085/3336/848
f 1082/3337/849 1112/3338/849 1140/3339/849 1083/3340/849
f 1071/3341/850 1139/3342/850 1136/3343/850 1064/3344/850
f 1055/3345/851 1115/3346/851 1111/3347/851 1091/3348/851
f 1083/3349/852 1140/3350/852 1138/3351/852 1070/3352/852
f 1141/3353/853 1142/3354/853 1143/3355/853 1144/3356/853
f 1145/3357/854 1146/3358/854 1147/3359/854 1148/3360/854
f 1149/3361/855 1150/3362/855 1151/3363/855 1152/3364/855
f 1153/3365/856 1154/3366/856 1155/3367/856 1156/3368/856
f 1157/3369/857 1158/3370/857 1159/3371/857 1160/3372/857
f 1161/3373/858 1162/3374/858 1163/3375/858 1164/3376/858
f 1165/3377/859 1166/3378/859 1162/3379/859 1161/3380/859
f 1167/3381/860 1168/3382/860 1169/3383/860 1170/3384/860
f 1164/3385/861 1163/3386/861 1171/3387/861 1172/3388/861
f 1172/3389/862 1171/3390/862 1173/3391/862 1174/3392/862
f 1174/3393/863 1173/3394/863 1175/3395/863 1176/3396/863
f 1177/3397/864 1178/3398/864 1179/3399/864 1180/3400/864
f 1181/3401/865 1182/3402/865 1183/3403/865 1184/3404/865
f 1176/3405/866 1175/3406/866 1182/3407/866 1181/3408/866
f 1185/3409/867 1186/3410/867 1187/3411/867 1188/3412/867
f 1189/3413/868 1190/3414/868 1191/3415/868 1192/3416/868
f 1184/3417/869 1183/3418/869 1186/3419/869 1185/3420/869
f 1193/3421/870 1194/3422/870 1150/3423/870 1149/3424/870
f 1144/3425/871 1143/3426/871 1154/3427/871 1153/3428/871
f 1195/3429/872 1196/3430/872 1142/3431/872 1141/3432/872
f 1152/3433/873 1151/3434/873 1168/3435/873 1167/3436/873
f 1148/3437/874 1147/3438/874 1158/3439/874 1157/3440/874
f 1197/3441/875 1198/3442/875 1199/3443/875 1200/3444/875
f 1188/3445/876 1187/3446/876 1190/3447/876 1189/3448/876
f 1170/3449/877 1169/3450/877 1178/3451/877 1177/3452/877
f 1201/3453/878 1202/3454/878 1146/3455/878 1145/3456/878
f 1180/3457/879 1179/3458/879 1198/3459/879 1197/3460/879
f 1156/3461/880 1155/3462/880 1203/3463/880 1204/3464/880
f 1204/3465/881 1203/3466/881 1202/3467/881 1201/3468/881
f 1192/3469/882 1191/3470/882 1194/3471/882 1193/3472/882
f 1200/3473/883 1199/3474/883 1196/3475/883 1195/3476/883
f 1160/3477/884 1159/3478/884 1166/3479/884 1165/3480/884
f 1205/3481/885 1086/3482/885 1087/3483/885 1206/3484/885
f 1207/3485/886 1068/3486/886 1077/3487/886 1208/3488/886
f 1209/3489/887 1092/3490/887 1081/3491/887 1210/3492/887
f 1211/3493/888 1090/3494/888 1061/3495/888 1212/3496/888
f 1213/3497/889 1080/3498/889 1045/3499/889 1214/3500/889
f 1215/3501/890 1108/3502/890 1105/3503/890 1216/3504/890
f 1217/3505/891 1048/3506/891 1108/3507/891 1215/3508/891
f 1218/3509/892 1084/3510/892 1069/3511/892 1219/3512/892
f 1216/3513/893 1105/3514/893 1103/3515/893 1220/3516/893
f 1220/3517/894 1103/3518/894 1101/3519/894 1221/3520/894
f 1221/3521/895 1101/3522/895 1097/3523/895 1222/3524/895
f 1223/3525/896 1072/3526/896 1063/3527/896 1224/3528/896
f 1225/3529/897 1100/3530/897 1093/3531/897 1226/3532/897
f 1222/3533/898 1097/3534/898 1100/3535/898 1225/3536/898
f 1227/3537/899 1096/3538/899 1073/3539/899 1228/3540/899
f 1229/3541/900 1076/3542/900 1053/3543/900 1230/3544/900
f 1226/3545/901 1093/3546/901 1096/3547/901 1227/3548/901
f 1231/3549/902 1056/3550/902 1092/3551/902 1209/3552/902
f 1206/3553/903 1087/3554/903 1090/3555/903 1211/3556/903
f 1232/3557/904 1052/3558/904 1086/3559/904 1205/3560/904
f 1210/3561/905 1081/3562/905 1084/3563/905 1218/3564/905
f 1208/3565/906 1077/3566/906 1080/3567/906 1213/3568/906
f 1233/3569/907 1066/3570/907 1049/3571/907 1234/3572/907
f 1228/3573/908 1073/3574/908 1076/3575/908 1229/3576/908
f 1219/3577/909 1069/3578/909 1072/3579/909 1223/3580/909
f 1235/3581/910 1060/3582/910 1068/3583/910 1207/3584/910
f 1224/3585/911 1063/3586/911 1066/3587/911 1233/3588/911
f 1212/3589/912 1061/3590/912 1057/3591/912 1236/3592/912
f 1236/3593/913 1057/3594/913 1060/3595/913 1235/3596/913
f 1230/3597/914 1053/3598/914 1056/3599/914 1231/3600/914
f 1234/3601/915 1049/3602/915 1052/3603/915 1232/3604/915
f 1214/3605/916 1045/3606/916 1048/3607/916 1217/3608/916
f 1140/3609/917 1237/3610/917 1238/3611/917 1138/3612/917
f 1109/3613/918 1239/3614/918 1240/3615/918 1110/3616/918
f 1111/3617/919 1241/3618/919 1242/3619/919 1112/3620/919
f 1113/3621/920 1243/3622/920 1244/3623/920 1114/3624/920
f 1110/3625/921 1240/3626/921 1245/3627/921 1115/3628/921
f 1116/3629/922 1246/3630/922 1247/3631/922 1117/3632/922
f 1114/3633/923 1244/3634/923 1239/3635/923 1109/3636/923
f 1118/3637/924 1248/3638/924 1249/3639/924 1119/3640/924
f 1117/3641/925 1247/3642/925 1243/3643/925 1113/3644/925
f 1120/3645/926 1250/3646/926 1251/3647/926 1121/3648/926
f 1119/3649/927 1249/3650/927 1246/3651/927 1116/3652/927
f 1122/3653/928 1252/3654/928 1253/3655/928 1123/3656/928
f 1121/3657/929 1251/3658/929 1248/3659/929 1118/3660/929
f 1124/3661/930 1254/3662/930 1255/3663/930 1125/3664/930
f 1126/3665/931 1256/3666/931 1257/3667/931 1127/3668/931
f 1123/3669/932 1253/3670/932 1250/3671/932 1120/3672/932
f 1128/3673/933 1258/3674/933 1259/3675/933 1129/3676/933
f 1130/3677/934 1260/3678/934 1261/3679/934 1131/3680/934
f 1125/3681/935 1255/3682/935 1252/3683/935 1122/3684/935
f 1132/3685/936 1262/3686/936 1263/3687/936 1133/3688/936
f 1134/3689/937 1264/3690/937 1265/3691/937 1135/3692/937
f 1127/3693/938 1257/3694/938 1262/3695/938 1132/3696/938
f 1133/3697/939 1263/3698/939 1258/3699/939 1128/3700/939
f 1136/3701/940 1266/3702/940 1267/3703/940 1137/3704/940
f 1129/3705/941 1259/3706/941 1254/3707/941 1124/3708/941
f 1137/3709/942 1267/3710/942 1264/3711/942 1134/3712/942
f 1138/3713/943 1238/3714/943 1268/3715/943 1139/3716/943
f 1131/3717/944 1261/3718/944 1256/3719/944 1126/3720/944
f 1135/3721/945 1265/3722/945 1260/3723/945 1130/3724/945
f 1112/3725/946 1242/3726/946 1237/3727/946 1140/3728/946
f 1139/3729/947 1268/3730/947 1266/3731/947 1136/3732/947
f 1115/3733/948 1245/3734/948 1241/3735/948 1111/3736/948
f 1269/3737/949 1270/3738/949 1271/3739/949 1272/3740/949
f 1273/3741/950 1274/3742/950 1275/3743/950 1276/3744/950
f 1277/3745/951 1278/3746/951 1279/3747/951 1280/3748/951
f 1281/3749/952 1282/3750/952 1283/3751/952 1284/3752/952
f 1280/3753/953 1279/3754/953 1285/3755/953 1286/3756/953
f 1287/3757/954 1288/3758/954 1289/3759/954 1290/3760/954
f 1291/3761/955 1292/3762/955 1293/3763/955 1294/3764/955
f 1295/3765/956 1296/3766/956 1297/3767/956 1298/3768/956
f 1299/3769/957 1300/3770/957 1301/3771/957 1302/3772/957
f 1290/3773/958 1289/3774/958 1278/3775/958 1277/3776/958
f 1303/3777/959 1304/3778/959 1305/3779/959 1306/3780/959
f 1302/3781/960 1301/3782/960 1288/3783/960 1287/3784/960
f 1307/3785/961 1308/3786/961 1309/3787/961 1310/3788/961
f 1306/3789/962 1305/3790/962 1300/3791/962 1299/3792/962
f 1311/3793/963 1312/3794/963 1313/3795/963 1314/3796/963
f 1310/3797/964 1309/3798/964 1304/3799/964 1303/3800/964
f 1315/3801/965 1316/3802/965 1317/3803/965 1318/3804/965
f 1314/3805/966 1313/3806/966 1308/3807/966 1307/3808/966
f 1319/3809/967 1320/3810/967 1321/3811/967 1322/3812/967
f 1318/3813/968 1317/3814/968 1312/3815/968 1311/3816/968
f 1323/3817/969 1324/3818/969 1325/3819/969 1326/3820/969
f 1322/3821/970 1321/3822/970 1316/3823/970 1315/3824/970
f 1327/3825/971 1328/3826/971 1329/3827/971 1330/3828/971
f 1326/3829/972 1325/3830/972 1320/3831/972 1319/3832/972
f 1284/3833/973 1283/3834/973 1331/3835/973 1332/3836/973
f 1294/3837/974 1293/3838/974 1270/3839/974 1269/3840/974
f 1330/3841/975 1329/3842/975 1324/3843/975 1323/3844/975
f 1276/3845/976 1275/3846/976 1282/3847/976 1281/3848/976
f 1298/3849/977 1297/3850/977 1292/3851/977 1291/3852/977
f 1332/3853/978 1331/3854/978 1328/3855/978 1327/3856/978
f 1272/3857/979 1271/3858/979 1274/3859/979 1273/3860/979
f 1286/3861/980 1285/3862/980 1296/3863/980 1295/3864/980
f 1289/3865/981 1333/3866/981 1334/3867/981 1278/3868/981
f 1304/3869/982 1335/3870/982 1336/3871/982 1305/3872/982
f 1301/3873/983 1337/3874/983 1338/3875/983 1288/3876/983
f 1308/3877/984 1339/3878/984 1340/3879/984 1309/3880/984
f 1305/3881/985 1336/3882/985 1341/3883/985 1300/3884/985
f 1312/3885/986 1342/3886/986 1343/3887/986 1313/3888/986
f 1309/3889/987 1340/3890/987 1335/3891/987 1304/3892/987
f 1316/3893/988 1344/3894/988 1345/3895/988 1317/3896/988
f 1313/3897/989 1343/3898/989 1339/3899/989 1308/3900/989
f 1320/3901/990 1346/3902/990 1347/3903/990 1321/3904/990
f 1317/3905/991 1345/3906/991 1342/3907/991 1312/3908/991
f 1324/3909/992 1348/3910/992 1349/3911/992 1325/3912/992
f 1321/3913/993 1347/3914/993 1344/3915/993 1316/3916/993
f 1328/3917/994 1350/3918/994 1351/3919/994 1329/3920/994
f 1325/3921/995 1349/3922/995 1346/3923/995 1320/3924/995
f 1283/3925/996 1352/3926/996 1353/3927/996 1331/3928/996
f 1293/3929/997 1354/3930/997 1355/3931/997 1270/3932/997
f 1329/3933/998 1351/3934/998 1348/3935/998 1324/3936/998
f 1275/3937/999 1356/3938/999 1357/3939/999 1282/3940/999
f 1297/3941/1000 1358/3942/1000 1359/3943/1000 1292/3944/1000
f 1331/3945/1001 1353/3946/1001 1350/3947/1001 1328/3948/1001
f 1271/3949/1002 1360/3950/1002 1361/3951/1002 1274/3952/1002
f 1285/3953/1003 1362/3954/1003 1363/3955/1003 1296/3956/1003
f 1270/3957/1004 1355/3958/1004 1360/3959/1004 1271/3960/1004
f 1274/3961/1005 1361/3962/1005 1356/3963/1005 1275/3964/1005
f 1278/3965/1006 1334/3966/1006 1364/3967/1006 1279/3968/1006
f 1282/3969/1007 1357/3970/1007 1352/3971/1007 1283/3972/1007
f 1279/3973/1008 1364/3974/1008 1362/3975/1008 1285/3976/1008
f 1288/3977/1009 1338/3978/1009 1333/3979/1009 1289/3980/1009
f 1292/3981/1010 1359/3982/1010 1354/3983/1010 1293/3984/1010
f 1296/3985/1011 1363/3986/1011 1358/3987/1011 1297/3988/1011
f 1300/3989/1012 1341/3990/1012 1337/3991/1012 1301/3992/1012
f 1340/3993/1013 1365/3994/1013 1366/3995/1013 1335/3996/1013
f 1344/3997/1014 1367/3998/1014 1368/3999/1014 1345/4000/1014
f 1343/4001/1015 1369/4002/1015 1370/4003/1015 1339/4004/1015
f 1346/4005/1016 1371/4006/1016 1372/4007/1016 1347/4008/1016
f 1345/4009/1017 1368/4010/1017 1373/4011/1017 1342/4012/1017
f 1348/4013/1018 1374/4014/1018 1375/4015/1018 1349/4016/1018
f 1347/4017/1019 1372/4018/1019 1367/4019/1019 1344/4020/1019
f 1350/4021/1020 1376/4022/1020 1377/4023/1020 1351/4024/1020
f 1349/4025/1021 1375/4026/1021 1371/4027/1021 1346/4028/1021
f 1352/4029/1022 1378/4030/1022 1379/4031/1022 1353/4032/1022
f 1354/4033/1023 1380/4034/1023 1381/4035/1023 1355/4036/1023
f 1351/4037/1024 1377/4038/1024 1374/4039/1024 1348/4040/1024
f 1356/4041/1025 1382/4042/1025 1383/4043/1025 1357/4044/1025
f 1358/4045/1026 1384/4046/1026 1385/4047/1026 1359/4048/1026
f 1353/4049/1027 1379/4050/1027 1376/4051/1027 1350/4052/1027
f 1360/4053/1028 1386/4054/1028 1387/4055/1028 1361/4056/1028
f 1362/4057/1029 1388/4058/1029 1389/4059/1029 1363/4060/1029
f 1355/4061/1030 1381/4062/1030 1386/4063/1030 1360/4064/1030
f 1361/4065/1031 1387/4066/1031 1382/4067/1031 1356/4068/1031
f 1334/4069/1032 1390/4070/1032 1391/4071/1032 1364/4072/1032
f 1357/4073/1033 1383/4074/1033 1378/4075/1033 1352/4076/1033
f 1364/4077/1034 1391/4078/1034 1388/4079/1034 1362/4080/1034
f 1338/4081/1035 1392/4082/1035 1393/4083/1035 1333/4084/1035
f 1359/4085/1036 1385/4086/1036 1380/4087/1036 1354/4088/1036
f 1363/4089/1037 1389/4090/1037 1384/4091/1037 1358/4092/1037
f 1341/4093/1038 1394/4094/1038 1395/4095/1038 1337/4096/1038
f 1333/4097/1039 1393/4098/1039 1390/4099/1039 1334/4100/1039
f 1335/4101/1040 1366/4102/1040 1396/4103/1040 1336/4104/1040
f 1337/4105/1041 1395/4106/1041 1392/4107/1041 1338/4108/1041
f 1339/4109/1042 1370/4110/1042 1365/4111/1042 1340/4112/1042
f 1336/4113/1043 1396/4114/1043 1394/4115/1043 1341/4116/1043
f 1342/4117/1044 1373/4118/1044 1369/4119/1044 1343/4120/1044
f 1372/4121/1045 1397/4122/1045 1398/4123/1045 1367/4124/1045
f 1376/4125/1046 1399/4126/1046 1400/4127/1046 1377/4128/1046
f 1375/4129/1047 1401/4130/1047 1402/4131/1047 1371/4132/1047
f 1378/4133/1048 1403/4134/1048 1404/4135/1048 1379/4136/1048
f 1380/4137/1049 1405/4138/1049 1406/4139/1049 1381/4140/1049
f 1377/4141/1050 1400/4142/1050 1407/4143/1050 1374/4144/1050
f 1382/4145/1051 1408/4146/1051 1409/4147/1051 1383/4148/1051
f 1384/4149/1052 1410/4150/1052 1411/4151/1052 1385/4152/1052
f 1379/4153/1053 1404/4154/1053 1399/4155/1053 1376/4156/1053
f 1386/4157/1054 1412/4158/1054 1413/4159/1054 1387/4160/1054
f 1388/4161/1055 1414/4162/1055 1415/4163/1055 1389/4164/1055
f 1381/4165/1056 1406/4166/1056 1412/4167/1056 1386/4168/1056
f 1387/4169/1057 1413/4170/1057 1408/4171/1057 1382/4172/1057
f 1390/4173/1058 1416/4174/1058 1417/4175/1058 1391/4176/1058
f 1383/4177/1059 1409/4178/1059 1403/4179/1059 1378/4180/1059
f 1391/4181/1060 1417/4182/1060 1414/4183/1060 1388/4184/1060
f 1392/4185/1061 1418/4186/1061 1419/4187/1061 1393/4188/1061
f 1385/4189/1062 1411/4190/1062 1405/4191/1062 1380/4192/1062
f 1389/4193/1063 1415/4194/1063 1410/4195/1063 1384/4196/1063
f 1394/4197/1064 1420/4198/1064 1421/4199/1064 1395/4200/1064
f 1393/4201/1065 1419/4202/1065 1416/4203/1065 1390/4204/1065
f 1366/4205/1066 1422/4206/1066 1423/4207/1066 1396/4208/1066
f 1395/4209/1067 1421/4210/1067 1418/4211/1067 1392/4212/1067
f 1370/4213/1068 1424/4214/1068 1425/4215/1068 1365/4216/1068
f 1396/4217/1069 1423/4218/1069 1420/4219/1069 1394/4220/1069
f 1373/4221/1070 1426/4222/1070 1427/4223/1070 1369/4224/1070
f 1365/4225/1071 1425/4226/1071 1422/4227/1071 1366/4228/1071
f 1367/4229/1072 1398/4230/1072 1428/4231/1072 1368/4232/1072
f 1369/4233/1073 1427/4234/1073 1424/4235/1073 1370/4236/1073
f 1371/4237/1074 1402/4238/1074 1397/4239/1074 1372/4240/1074
f 1368/4241/1075 1428/4242/1075 1426/4243/1075 1373/4244/1075
f 1374/4245/1076 1407/4246/1076 1401/4247/1076 1375/4248/1076
f 1410/4249/1077 1429/4250/1077 1411/4251/1077
f 1404/4252/1078 1430/4253/1078 1399/4254/1078
f 1412/4255/1079 1429/4256/1079 1413/4257/1079
f 1414/4258/1080 1431/4259/1080 1429/4260/1080 1415/4261/1080
f 1406/4262/1081 1429/4263/1081 1412/4264/1081
f 1413/4265/1082 1429/4266/1082 1408/4267/1082
f 1416/4268/1083 1431/4269/1083 1417/4270/1083
f 1409/4271/1084 1429/4272/1084 1430/4273/1084 1403/4274/1084
f 1417/4275/1085 1431/4276/1085 1414/4277/1085
f 1418/4278/1086 1431/4279/1086 1419/4280/1086
f 1411/4281/1087 1429/4282/1087 1405/4283/1087
f 1415/4284/1088 1429/4285/1088 1410/4286/1088
f 1420/4287/1089 1431/4288/1089 1421/4289/1089
f 1419/4290/1090 1431/4291/1090 1416/4292/1090
f 1422/4293/1091 1431/4294/1091 1423/4295/1091
f 1421/4296/1092 1431/4297/1092 1418/4298/1092
f 1424/4299/1093 1431/4300/1093 1425/4301/1093
f 1423/4302/1094 1431/4303/1094 1420/4304/1094
f 1426/4305/1095 1431/4306/1095 1427/4307/1095
f 1425/4308/1096 1431/4309/1096 1422/4310/1096
f 1398/4311/1097 1430/4312/1097 1431/4313/1097 1428/4314/1097
f 1427/4315/1098 1431/4316/1098 1424/4317/1098
f 1402/4318/1099 1430/4319/1099 1397/4320/1099
f 1428/4321/1100 1431/4322/1100 1426/4323/1100
f 1407/4324/1101 1430/4325/1101 1401/4326/1101
f 1397/4327/1102 1430/4328/1102 1398/4329/1102
f 1399/4330/1103 1430/4331/1103 1400/4332/1103
f 1401/4333/1104 1430/4334/1104 1402/4335/1104
f 1403/4336/1105 1430/4337/1105 1404/4338/1105
f 1405/4339/1106 1429/4340/1106 1406/4341/1106
f 1400/4342/1107 1430/4343/1107 1407/4344/1107
f 1408/4345/1108 1429/4346/1108 1409/4347/1108
f 1001/4348/1109 999/4349/1109 1044/4350/1109 1042/4351/1109
f 209/4352/1110 1432/4353/1110 1433/4354/1110 210/4355/1110
f 209/4356/1111 96/4357/1111 1434/4358/1111 1432/4359/1111
f 213/4360/1112 1433/4361/1112 1432/4362/1112 211/4363/1112
f 1432/4364/1113 1434/4365/1113 101/4366/1113 211/4367/1113
f 95/4368/1114 97/4369/1114 1435/4370/1114 1436/4371/1114
f 1434/4372/1115 96/4373/1115 95/4374/1115 1436/4375/1115
f 98/4376/1116 101/4377/1116 1434/4378/1116 1436/4379/1116
f 98/4380/1117 1436/4381/1117 1435/4382/1117 102/4383/1117
f 331/4384/1118 330/4385/1118 1437/4386/1118 1438/4387/1118
f 330/4388/1119 329/4389/1119 1439/4390/1119 1437/4391/1119
f 1438/4392/1120 1437/4393/1120 332/4394/1120 336/4395/1120
f 1439/4396/1121 333/4397/1121 332/4398/1121 1437/4399/1121
f 1439/4400/1122 1440/4401/1122 439/4402/1122 333/4403/1122
f 329/4404/1123 437/4405/1123 1440/4406/1123 1439/4407/1123
f 438/4408/1124 1441/4409/1124 1440/4410/1124 437/4411/1124
f 1441/4412/1125 441/4413/1125 439/4414/1125 1440/4415/1125
f 307/4416/1126 310/4417/1126 329/4418/1126 330/4419/1126